source_time_utc,fetched_at_utc,status,dock,vessel,flag,shiptype,cargo_raw,cargo_label,cargo_category,tonnage_t,last_port,agent,event_time,situation,long_stay
2026-09-24T15:58:00Z,2026-09-24T15:58:25Z,berthed,RR/1,EAGLE,MONGOLIE,CARGO,"360,48Mt Bus",Bus,general,360.48,HAIPHONG,ALGERIA MARITIME SERVICES AGENCY ALMARSA (LALOUI IMAD),2026-02-24T21:00:00Z,,true
2026-09-24T15:58:00Z,2026-09-24T15:58:25Z,berthed,GC/4,ANQIFENG,MARSHALL ISLANDS,VRAQUIER,27229.383 MT DIVERS,DIVERS,general,27229.383,LIANYUNGANG,SARL ISA SHIPPING TRADING AND LOGISTIC,2026-08-09T19:12:00Z,,false
2026-09-24T15:58:00Z,2026-09-24T15:58:25Z,berthed,GC/2,XIN YANG CAI FU,CHINE,VRAQUIER,37170.63 MT DIVERS,DIVERS,general,37170.63,LIANYUNGANG,SARL I.S.M.S,2026-08-10T07:12:00Z,,false
2026-09-24T15:58:00Z,2026-09-24T15:58:25Z,berthed,QW/4,RONG XIANG,MARSHALL ISLANDS,VRAQUIER,"29348,76 MT MDF BOARD",MDF BOARD,general,29348.76,MALTA,SARL I.S.M.S,2026-08-24T17:15:00Z,,false
2026-09-24T15:58:00Z,2026-09-24T15:58:25Z,berthed,QDZ/2,TAI HARMONY,HONG KONG,VRAQUIER,19712.56 MT DIVERS,DIVERS,general,19712.56,PORT SAID,SARL I.S.M.S,2026-08-31T13:10:00Z,,false
2026-09-24T15:58:00Z,2026-09-24T15:58:25Z,berthed,GC/6,BAO NING,HONG KONG,VRAQUIER,34339.46 MT DIVERS,DIVERS,general,34339.46,SUEZ CANAL,SARL I.S.M.S,2026-09-01T13:18:00Z,,false
2026-09-24T15:58:00Z,2026-09-24T15:58:25Z,berthed,QDZ/3,SPRING COSMOS,HONG KONG,VRAQUIER,36706.23 MT DIVERS,DIVERS,general,36706.23,ZHANGJIAGANG,SARL I.S.M.S,2026-09-09T07:40:00Z,,false
2026-09-24T15:58:00Z,2026-09-24T15:58:25Z,berthed,QDZ/1,AMOY CENTURY,HONG KONG,VRAQUIER,27735.25 Mt Divers,Divers,general,27735.25,TIANJIN,SARL I.S.M.S,2026-09-15T11:00:00Z,,false
2026-09-24T15:58:00Z,2026-09-24T15:58:25Z,berthed,QW/1,ACRUX AMELIA,LIBERIA,VRAQUIER,60236.54 Blé Dur,Blé Dur,grain,60236.54,VANCOUVER (CA),GEMA,2026-09-15T23:45:00Z,,false
2026-09-24T15:58:00Z,2026-09-24T15:58:25Z,berthed,QW/7,GH NIGHTINGALE,BERMUDES,VRAQUIER,142533 MT IRON ORE IN BULK,IRON ORE IN BULK,iron_ore,142533.0,CEUTA (SP),GEMA,2026-09-18T20:48:00Z,,false
2026-09-24T15:58:00Z,2026-09-24T15:58:25Z,berthed,QM/2,PANTONIO,PORTUGAL,PORTE- CONTENEURS,244 TCS (4469.262 Mt),244 TCS,container,4469.262,MALTA,SPA CMA CGM ALGERIE,2026-09-23T06:15:00Z,,false
2026-09-24T15:58:00Z,2026-09-24T15:58:25Z,berthed,QM,CATHY OCEAN,BAHAMAS,VRAQUIER,36524.53 MT DIVERS,DIVERS,general,36524.53,TIANJIN,SARL ISA SHIPPING TRADING AND LOGISTIC,2026-09-23T21:20:00Z,,false
2026-09-24T15:58:00Z,2026-09-24T15:58:25Z,anchorage,,GOLDEN BAY,TOGO,CARGO,EMBT 9500 MT GRIGNON D'OLIVE,EMBT GRIGNON D'OLIVE,other,9500.0,TNSFX,SARL VICTORIMAR,2026-09-14T15:55:00Z,Waiting for berth,false
2026-09-24T15:58:00Z,2026-09-24T15:58:25Z,anchorage,,BERGE NIMBA,LIBERIA,VRAQUIER,140571 MT IRON ORE,IRON ORE,iron_ore,140571.0,CASEI,GEMA,2026-09-17T06:00:00Z,Waiting for berth,false
2026-09-24T23:03:00Z,2026-09-24T23:03:29Z,berthed,RR/1,EAGLE,MONGOLIE,CARGO,"360,48Mt Bus",Bus,general,360.48,HAIPHONG,ALGERIA MARITIME SERVICES AGENCY ALMARSA (LALOUI IMAD),2026-02-24T21:00:00Z,,true
2026-09-24T23:03:00Z,2026-09-24T23:03:29Z,berthed,GC/4,ANQIFENG,MARSHALL ISLANDS,VRAQUIER,27229.383 MT DIVERS,DIVERS,general,27229.383,LIANYUNGANG,SARL ISA SHIPPING TRADING AND LOGISTIC,2026-08-09T19:12:00Z,,false
2026-09-24T23:03:00Z,2026-09-24T23:03:29Z,berthed,GC/2,XIN YANG CAI FU,CHINE,VRAQUIER,37170.63 MT DIVERS,DIVERS,general,37170.63,LIANYUNGANG,SARL I.S.M.S,2026-08-10T07:12:00Z,,false
2026-09-24T23:03:00Z,2026-09-24T23:03:29Z,berthed,QW/4,RONG XIANG,MARSHALL ISLANDS,VRAQUIER,"29348,76 MT MDF BOARD",MDF BOARD,general,29348.76,MALTA,SARL I.S.M.S,2026-08-24T17:15:00Z,,false
2026-09-24T23:03:00Z,2026-09-24T23:03:29Z,berthed,QDZ/2,TAI HARMONY,HONG KONG,VRAQUIER,19712.56 MT DIVERS,DIVERS,general,19712.56,PORT SAID,SARL I.S.M.S,2026-08-31T13:10:00Z,,false
2026-09-24T23:03:00Z,2026-09-24T23:03:29Z,berthed,GC/6,BAO NING,HONG KONG,VRAQUIER,34339.46 MT DIVERS,DIVERS,general,34339.46,SUEZ CANAL,SARL I.S.M.S,2026-09-01T13:18:00Z,,false
2026-09-24T23:03:00Z,2026-09-24T23:03:29Z,berthed,QDZ/3,SPRING COSMOS,HONG KONG,VRAQUIER,36706.23 MT DIVERS,DIVERS,general,36706.23,ZHANGJIAGANG,SARL I.S.M.S,2026-09-09T07:40:00Z,,false
2026-09-24T23:03:00Z,2026-09-24T23:03:29Z,berthed,QDZ/1,AMOY CENTURY,HONG KONG,VRAQUIER,27735.25 Mt Divers,Divers,general,27735.25,TIANJIN,SARL I.S.M.S,2026-09-15T11:00:00Z,,false
2026-09-24T23:03:00Z,2026-09-24T23:03:29Z,berthed,QW/1,ACRUX AMELIA,LIBERIA,VRAQUIER,60236.54 Blé Dur,Blé Dur,grain,60236.54,VANCOUVER (CA),GEMA,2026-09-15T23:45:00Z,,false
2026-09-24T23:03:00Z,2026-09-24T23:03:29Z,berthed,QM,CATHY OCEAN,BAHAMAS,VRAQUIER,36524.53 MT DIVERS,DIVERS,general,36524.53,TIANJIN,SARL ISA SHIPPING TRADING AND LOGISTIC,2026-09-23T21:20:00Z,,false
2026-09-24T23:03:00Z,2026-09-24T23:03:29Z,berthed,QW/7,BERGE NIMBA,LIBERIA,VRAQUIER,140571 MT IRON ORE,IRON ORE,iron_ore,140571.0,SEPT-ILES,GEMA,2026-09-24T21:10:00Z,,false
2026-09-24T23:03:00Z,2026-09-24T23:03:29Z,anchorage,,GOLDEN BAY,TOGO,CARGO,EMBT 9500 MT GRIGNON D'OLIVE,EMBT GRIGNON D'OLIVE,other,9500.0,TNSFX,SARL VICTORIMAR,2026-09-14T15:55:00Z,Waiting for berth,false
2026-09-24T23:03:00Z,2026-09-24T23:03:29Z,expected,,NOVI,ST VINCENT GRENADINES,VRAQUIER,31370.16 MT Blé tendre en vrac,Blé tendre en vrac,grain,31370.16,CONSTANZA,GEMA,2026-09-25T01:00:00Z,,false
2026-09-24T23:03:00Z,2026-09-24T23:03:29Z,expected,,SAOURA,ALGÉRIE,CARGO,Emb 4500 mt Rond à béton,Emb Rond à béton,other,4500.0,ALGER,NASHCO,2026-09-25T02:00:00Z,,false
2026-09-24T23:03:00Z,2026-09-24T23:03:29Z,expected,,TAI HARVEST,HONG KONG,VRAQUIER,35751.05 MT Divers,Divers,general,35751.05,LIANYUNGANG,SARL I.S.M.S,2026-09-26T07:00:00Z,,false
2026-09-24T23:03:00Z,2026-09-24T23:03:29Z,expected,,BAO SHENG,HONG KONG,VRAQUIER,46698.06 mt divers,divers,general,46698.06,LIANYUNGANG,SARL I.S.M.S,2026-09-27T21:00:00Z,,false
2026-09-25T10:06:00Z,2026-09-25T10:06:43Z,berthed,RR/1,EAGLE,MONGOLIE,CARGO,"360,48Mt Bus",Bus,general,360.48,HAIPHONG,ALGERIA MARITIME SERVICES AGENCY ALMARSA (LALOUI IMAD),2026-02-24T21:00:00Z,,true
2026-09-25T10:06:00Z,2026-09-25T10:06:43Z,berthed,GC/4,ANQIFENG,MARSHALL ISLANDS,VRAQUIER,27229.383 MT DIVERS,DIVERS,general,27229.383,LIANYUNGANG,SARL ISA SHIPPING TRADING AND LOGISTIC,2026-08-09T19:12:00Z,,false
2026-09-25T10:06:00Z,2026-09-25T10:06:43Z,berthed,GC/2,XIN YANG CAI FU,CHINE,VRAQUIER,37170.63 MT DIVERS,DIVERS,general,37170.63,LIANYUNGANG,SARL I.S.M.S,2026-08-10T07:12:00Z,,false
2026-09-25T10:06:00Z,2026-09-25T10:06:43Z,berthed,QW/4,RONG XIANG,MARSHALL ISLANDS,VRAQUIER,"29348,76 MT MDF BOARD",MDF BOARD,general,29348.76,MALTA,SARL I.S.M.S,2026-08-24T17:15:00Z,,false
2026-09-25T10:06:00Z,2026-09-25T10:06:43Z,berthed,QDZ/2,TAI HARMONY,HONG KONG,VRAQUIER,19712.56 MT DIVERS,DIVERS,general,19712.56,PORT SAID,SARL I.S.M.S,2026-08-31T13:10:00Z,,false
2026-09-25T10:06:00Z,2026-09-25T10:06:43Z,berthed,GC/6,BAO NING,HONG KONG,VRAQUIER,34339.46 MT DIVERS,DIVERS,general,34339.46,SUEZ CANAL,SARL I.S.M.S,2026-09-01T13:18:00Z,,false
2026-09-25T10:06:00Z,2026-09-25T10:06:43Z,berthed,QDZ/3,SPRING COSMOS,HONG KONG,VRAQUIER,36706.23 MT DIVERS,DIVERS,general,36706.23,ZHANGJIAGANG,SARL I.S.M.S,2026-09-09T07:40:00Z,,false
2026-09-25T10:06:00Z,2026-09-25T10:06:43Z,berthed,QDZ/1,AMOY CENTURY,HONG KONG,VRAQUIER,27735.25 Mt Divers,Divers,general,27735.25,TIANJIN,SARL I.S.M.S,2026-09-15T11:00:00Z,,false
2026-09-25T10:06:00Z,2026-09-25T10:06:43Z,berthed,QW/1,ACRUX AMELIA,LIBERIA,VRAQUIER,60236.54 Blé Dur,Blé Dur,grain,60236.54,VANCOUVER (CA),GEMA,2026-09-15T23:45:00Z,,false
2026-09-25T10:06:00Z,2026-09-25T10:06:43Z,berthed,QM,CATHY OCEAN,BAHAMAS,VRAQUIER,36524.53 MT DIVERS,DIVERS,general,36524.53,TIANJIN,SARL ISA SHIPPING TRADING AND LOGISTIC,2026-09-23T21:20:00Z,,false
2026-09-25T10:06:00Z,2026-09-25T10:06:43Z,berthed,QW/7,BERGE NIMBA,LIBERIA,VRAQUIER,140571 MT IRON ORE,IRON ORE,iron_ore,140571.0,SEPT-ILES,GEMA,2026-09-24T21:10:00Z,,false
2026-09-25T10:06:00Z,2026-09-25T10:06:43Z,berthed,QM/1,SAOURA,ALGÉRIE,CARGO,Emb 4500 mt Rond à béton,Emb Rond à béton,other,4500.0,ALGER,NASHCO,2026-09-25T07:00:00Z,,false
2026-09-25T10:06:00Z,2026-09-25T10:06:43Z,anchorage,,GOLDEN BAY,TOGO,CARGO,EMBT 9500 MT GRIGNON D'OLIVE,EMBT GRIGNON D'OLIVE,other,9500.0,TNSFX,SARL VICTORIMAR,2026-09-14T15:55:00Z,Waiting for berth,false
2026-09-25T10:06:00Z,2026-09-25T10:06:43Z,anchorage,,NOVI,ST VINCENT GRENADINES,VRAQUIER,31370.16 MT Blé tendre en vrac,Blé tendre en vrac,grain,31370.16,ROCSZ,GEMA,2026-09-24T23:30:00Z,Waiting for berth,false
2026-09-25T10:06:00Z,2026-09-25T10:06:43Z,expected,,TAI HARVEST,HONG KONG,VRAQUIER,35751.05 MT Divers,Divers,general,35751.05,LIANYUNGANG,SARL I.S.M.S,2026-09-26T07:00:00Z,,false
2026-09-25T10:06:00Z,2026-09-25T10:06:43Z,expected,,BAO SHENG,HONG KONG,VRAQUIER,46698.06 mt divers,divers,general,46698.06,LIANYUNGANG,SARL I.S.M.S,2026-09-27T21:00:00Z,,false
2026-09-25T17:53:00Z,2026-09-25T17:53:03Z,berthed,RR/1,EAGLE,MONGOLIE,CARGO,"360,48Mt Bus",Bus,general,360.48,HAIPHONG,ALGERIA MARITIME SERVICES AGENCY ALMARSA (LALOUI IMAD),2026-02-24T21:00:00Z,,true
2026-09-25T17:53:00Z,2026-09-25T17:53:03Z,berthed,GC/4,ANQIFENG,MARSHALL ISLANDS,VRAQUIER,27229.383 MT DIVERS,DIVERS,general,27229.383,LIANYUNGANG,SARL ISA SHIPPING TRADING AND LOGISTIC,2026-08-09T19:12:00Z,,false
2026-09-25T17:53:00Z,2026-09-25T17:53:03Z,berthed,GC/2,XIN YANG CAI FU,CHINE,VRAQUIER,37170.63 MT DIVERS,DIVERS,general,37170.63,LIANYUNGANG,SARL I.S.M.S,2026-08-10T07:12:00Z,,false
2026-09-25T17:53:00Z,2026-09-25T17:53:03Z,berthed,QW/4,RONG XIANG,MARSHALL ISLANDS,VRAQUIER,"29348,76 MT MDF BOARD",MDF BOARD,general,29348.76,MALTA,SARL I.S.M.S,2026-08-24T17:15:00Z,,false
2026-09-25T17:53:00Z,2026-09-25T17:53:03Z,berthed,QDZ/2,TAI HARMONY,HONG KONG,VRAQUIER,19712.56 MT DIVERS,DIVERS,general,19712.56,PORT SAID,SARL I.S.M.S,2026-08-31T13:10:00Z,,false
2026-09-25T17:53:00Z,2026-09-25T17:53:03Z,berthed,GC/6,BAO NING,HONG KONG,VRAQUIER,34339.46 MT DIVERS,DIVERS,general,34339.46,SUEZ CANAL,SARL I.S.M.S,2026-09-01T13:18:00Z,,false
2026-09-25T17:53:00Z,2026-09-25T17:53:03Z,berthed,QDZ/3,SPRING COSMOS,HONG KONG,VRAQUIER,36706.23 MT DIVERS,DIVERS,general,36706.23,ZHANGJIAGANG,SARL I.S.M.S,2026-09-09T07:40:00Z,,false
2026-09-25T17:53:00Z,2026-09-25T17:53:03Z,berthed,QDZ/1,AMOY CENTURY,HONG KONG,VRAQUIER,27735.25 Mt Divers,Divers,general,27735.25,TIANJIN,SARL I.S.M.S,2026-09-15T11:00:00Z,,false
2026-09-25T17:53:00Z,2026-09-25T17:53:03Z,berthed,QW/1,ACRUX AMELIA,LIBERIA,VRAQUIER,60236.54 Blé Dur,Blé Dur,grain,60236.54,VANCOUVER (CA),GEMA,2026-09-15T23:45:00Z,,false
2026-09-25T17:53:00Z,2026-09-25T17:53:03Z,berthed,QM,CATHY OCEAN,BAHAMAS,VRAQUIER,36524.53 MT DIVERS,DIVERS,general,36524.53,TIANJIN,SARL ISA SHIPPING TRADING AND LOGISTIC,2026-09-23T21:20:00Z,,false
2026-09-25T17:53:00Z,2026-09-25T17:53:03Z,berthed,QW/7,BERGE NIMBA,LIBERIA,VRAQUIER,140571 MT IRON ORE,IRON ORE,iron_ore,140571.0,SEPT-ILES,GEMA,2026-09-24T21:10:00Z,,false
2026-09-25T17:53:00Z,2026-09-25T17:53:03Z,berthed,QM/1,SAOURA,ALGÉRIE,CARGO,Emb 4500 mt Rond à béton,Emb Rond à béton,other,4500.0,ALGER,NASHCO,2026-09-25T07:00:00Z,,false
2026-09-25T17:53:00Z,2026-09-25T17:53:03Z,anchorage,,GOLDEN BAY,TOGO,CARGO,EMBT 9500 MT GRIGNON D'OLIVE,EMBT GRIGNON D'OLIVE,other,9500.0,TNSFX,SARL VICTORIMAR,2026-09-14T15:55:00Z,Waiting for berth,false
2026-09-25T17:53:00Z,2026-09-25T17:53:03Z,anchorage,,NOVI,ST VINCENT GRENADINES,VRAQUIER,31370.16 MT Blé tendre en vrac,Blé tendre en vrac,grain,31370.16,ROCSZ,GEMA,2026-09-24T23:30:00Z,Waiting for berth,false
2026-09-25T17:53:00Z,2026-09-25T17:53:03Z,expected,,TAI HARVEST,HONG KONG,VRAQUIER,35751.05 MT Divers,Divers,general,35751.05,LIANYUNGANG,SARL I.S.M.S,2026-09-26T07:00:00Z,,false
2026-09-25T17:53:00Z,2026-09-25T17:53:03Z,expected,,BAO SHENG,HONG KONG,VRAQUIER,46698.06 mt divers,divers,general,46698.06,LIANYUNGANG,SARL I.S.M.S,2026-09-27T21:00:00Z,,false
2026-09-25T17:53:00Z,2026-09-25T17:53:03Z,expected,,SABAHAT SONAY,PANAMA,CARGO,EMBT 11600 MT STEEL BILLETS,EMBT STEEL BILLETS,other,11600.0,BIZERTE,SIKARYASE SHIPPING ET SERVICES (ZEGHNOUN MOHAMMED),2026-09-28T16:00:00Z,,false
2026-09-25T23:55:00Z,2026-09-25T23:55:27Z,berthed,RR/1,EAGLE,MONGOLIE,CARGO,"360,48Mt Bus",Bus,general,360.48,HAIPHONG,ALGERIA MARITIME SERVICES AGENCY ALMARSA (LALOUI IMAD),2026-02-24T21:00:00Z,,true
2026-09-25T23:55:00Z,2026-09-25T23:55:27Z,berthed,GC/4,ANQIFENG,MARSHALL ISLANDS,VRAQUIER,27229.383 MT DIVERS,DIVERS,general,27229.383,LIANYUNGANG,SARL ISA SHIPPING TRADING AND LOGISTIC,2026-08-09T19:12:00Z,,false
2026-09-25T23:55:00Z,2026-09-25T23:55:27Z,berthed,QW/4,RONG XIANG,MARSHALL ISLANDS,VRAQUIER,"29348,76 MT MDF BOARD",MDF BOARD,general,29348.76,MALTA,SARL I.S.M.S,2026-08-24T17:15:00Z,,false
2026-09-25T23:55:00Z,2026-09-25T23:55:27Z,berthed,QDZ/2,TAI HARMONY,HONG KONG,VRAQUIER,19712.56 MT DIVERS,DIVERS,general,19712.56,PORT SAID,SARL I.S.M.S,2026-08-31T13:10:00Z,,false
2026-09-25T23:55:00Z,2026-09-25T23:55:27Z,berthed,GC/6,BAO NING,HONG KONG,VRAQUIER,34339.46 MT DIVERS,DIVERS,general,34339.46,SUEZ CANAL,SARL I.S.M.S,2026-09-01T13:18:00Z,,false
2026-09-25T23:55:00Z,2026-09-25T23:55:27Z,berthed,QDZ/3,SPRING COSMOS,HONG KONG,VRAQUIER,36706.23 MT DIVERS,DIVERS,general,36706.23,ZHANGJIAGANG,SARL I.S.M.S,2026-09-09T07:40:00Z,,false
2026-09-25T23:55:00Z,2026-09-25T23:55:27Z,berthed,QDZ/1,AMOY CENTURY,HONG KONG,VRAQUIER,27735.25 Mt Divers,Divers,general,27735.25,TIANJIN,SARL I.S.M.S,2026-09-15T11:00:00Z,,false
2026-09-25T23:55:00Z,2026-09-25T23:55:27Z,berthed,QW/1,ACRUX AMELIA,LIBERIA,VRAQUIER,60236.54 Blé Dur,Blé Dur,grain,60236.54,VANCOUVER (CA),GEMA,2026-09-15T23:45:00Z,,false
2026-09-25T23:55:00Z,2026-09-25T23:55:27Z,berthed,QM,CATHY OCEAN,BAHAMAS,VRAQUIER,36524.53 MT DIVERS,DIVERS,general,36524.53,TIANJIN,SARL ISA SHIPPING TRADING AND LOGISTIC,2026-09-23T21:20:00Z,,false
2026-09-25T23:55:00Z,2026-09-25T23:55:27Z,berthed,QW/7,BERGE NIMBA,LIBERIA,VRAQUIER,140571 MT IRON ORE,IRON ORE,iron_ore,140571.0,SEPT-ILES,GEMA,2026-09-24T21:10:00Z,,false
2026-09-25T23:55:00Z,2026-09-25T23:55:27Z,berthed,QM/1,SAOURA,ALGÉRIE,CARGO,Emb 4500 mt Rond à béton,Emb Rond à béton,other,4500.0,ALGER,NASHCO,2026-09-25T07:00:00Z,,false
2026-09-25T23:55:00Z,2026-09-25T23:55:27Z,berthed,GC/1,GOLDEN BAY,TOGO,CARGO,EMBT 9500 MT GRIGNON D'OLIVE,EMBT GRIGNON D'OLIVE,other,9500.0,SFAX,SARL VICTORIMAR,2026-09-25T20:05:00Z,,false
2026-09-25T23:55:00Z,2026-09-25T23:55:27Z,anchorage,,NOVI,ST VINCENT GRENADINES,VRAQUIER,31370.16 MT Blé tendre en vrac,Blé tendre en vrac,grain,31370.16,ROCSZ,GEMA,2026-09-24T23:30:00Z,Waiting for berth,false
2026-09-25T23:55:00Z,2026-09-25T23:55:27Z,expected,,CT DANIEL,PORTUGAL,PORTE- CONTENEURS,6984.98 MT TCS,TCS,container,6984.98,BARCELONE,SPA CMA CGM ALGERIE,2026-09-26T05:00:00Z,,false
2026-09-25T23:55:00Z,2026-09-25T23:55:27Z,expected,,TAI HARVEST,HONG KONG,VRAQUIER,35751.05 MT Divers,Divers,general,35751.05,LIANYUNGANG,SARL I.S.M.S,2026-09-26T07:00:00Z,,false
2026-09-25T23:55:00Z,2026-09-25T23:55:27Z,expected,,BAO SHENG,HONG KONG,VRAQUIER,46698.06 mt divers,divers,general,46698.06,LIANYUNGANG,SARL I.S.M.S,2026-09-27T21:00:00Z,,false
2026-09-25T23:55:00Z,2026-09-25T23:55:27Z,expected,,SABAHAT SONAY,PANAMA,CARGO,EMBT 11600 MT STEEL BILLETS,EMBT STEEL BILLETS,other,11600.0,BIZERTE,SIKARYASE SHIPPING ET SERVICES (ZEGHNOUN MOHAMMED),2026-09-28T16:00:00Z,,false
2026-09-26T09:47:00Z,2026-09-26T09:47:40Z,berthed,RR/1,EAGLE,MONGOLIE,CARGO,"360,48Mt Bus",Bus,general,360.48,HAIPHONG,ALGERIA MARITIME SERVICES AGENCY ALMARSA (LALOUI IMAD),2026-02-24T21:00:00Z,,true
2026-09-26T09:47:00Z,2026-09-26T09:47:40Z,berthed,GC/4,ANQIFENG,MARSHALL ISLANDS,VRAQUIER,27229.383 MT DIVERS,DIVERS,general,27229.383,LIANYUNGANG,SARL ISA SHIPPING TRADING AND LOGISTIC,2026-08-09T19:12:00Z,,false
2026-09-26T09:47:00Z,2026-09-26T09:47:40Z,berthed,QW/4,RONG XIANG,MARSHALL ISLANDS,VRAQUIER,"29348,76 MT MDF BOARD",MDF BOARD,general,29348.76,MALTA,SARL I.S.M.S,2026-08-24T17:15:00Z,,false
2026-09-26T09:47:00Z,2026-09-26T09:47:40Z,berthed,QDZ/2,TAI HARMONY,HONG KONG,VRAQUIER,19712.56 MT DIVERS,DIVERS,general,19712.56,PORT SAID,SARL I.S.M.S,2026-08-31T13:10:00Z,,false
2026-09-26T09:47:00Z,2026-09-26T09:47:40Z,berthed,GC/6,BAO NING,HONG KONG,VRAQUIER,34339.46 MT DIVERS,DIVERS,general,34339.46,SUEZ CANAL,SARL I.S.M.S,2026-09-01T13:18:00Z,,false
2026-09-26T09:47:00Z,2026-09-26T09:47:40Z,berthed,QDZ/3,SPRING COSMOS,HONG KONG,VRAQUIER,36706.23 MT DIVERS,DIVERS,general,36706.23,ZHANGJIAGANG,SARL I.S.M.S,2026-09-09T07:40:00Z,,false
2026-09-26T09:47:00Z,2026-09-26T09:47:40Z,berthed,QDZ/1,AMOY CENTURY,HONG KONG,VRAQUIER,27735.25 Mt Divers,Divers,general,27735.25,TIANJIN,SARL I.S.M.S,2026-09-15T11:00:00Z,,false
2026-09-26T09:47:00Z,2026-09-26T09:47:40Z,berthed,QW/1,ACRUX AMELIA,LIBERIA,VRAQUIER,60236.54 Blé Dur,Blé Dur,grain,60236.54,VANCOUVER (CA),GEMA,2026-09-15T23:45:00Z,,false
2026-09-26T09:47:00Z,2026-09-26T09:47:40Z,berthed,QM,CATHY OCEAN,BAHAMAS,VRAQUIER,36524.53 MT DIVERS,DIVERS,general,36524.53,TIANJIN,SARL ISA SHIPPING TRADING AND LOGISTIC,2026-09-23T21:20:00Z,,false
2026-09-26T09:47:00Z,2026-09-26T09:47:40Z,berthed,QW/7,BERGE NIMBA,LIBERIA,VRAQUIER,140571 MT IRON ORE,IRON ORE,iron_ore,140571.0,SEPT-ILES,GEMA,2026-09-24T21:10:00Z,,false
2026-09-26T09:47:00Z,2026-09-26T09:47:40Z,berthed,QM/1,SAOURA,ALGÉRIE,CARGO,Emb 4500 mt Rond à béton,Emb Rond à béton,other,4500.0,ALGER,NASHCO,2026-09-25T07:00:00Z,,false
2026-09-26T09:47:00Z,2026-09-26T09:47:40Z,berthed,GC/1,GOLDEN BAY,TOGO,CARGO,EMBT 9500 MT GRIGNON D'OLIVE,EMBT GRIGNON D'OLIVE,other,9500.0,SFAX,SARL VICTORIMAR,2026-09-25T20:05:00Z,,false
2026-09-26T09:47:00Z,2026-09-26T09:47:40Z,berthed,QM/2,CT DANIEL,PORTUGAL,PORTE- CONTENEURS,6984.98 MT TCS,TCS,container,6984.98,BARCELONE,SPA CMA CGM ALGERIE,2026-09-26T07:00:00Z,,false
2026-09-26T09:47:00Z,2026-09-26T09:47:40Z,anchorage,,NOVI,ST VINCENT GRENADINES,VRAQUIER,31370.16 MT Blé tendre en vrac,Blé tendre en vrac,grain,31370.16,ROCSZ,GEMA,2026-09-24T23:30:00Z,Waiting for berth,false
2026-09-26T09:47:00Z,2026-09-26T09:47:40Z,expected,,TAI HARVEST,HONG KONG,VRAQUIER,35751.05 MT Divers,Divers,general,35751.05,LIANYUNGANG,SARL I.S.M.S,2026-09-26T07:00:00Z,,false
2026-09-26T09:47:00Z,2026-09-26T09:47:40Z,expected,,BAO SHENG,HONG KONG,VRAQUIER,46698.06 mt divers,divers,general,46698.06,LIANYUNGANG,SARL I.S.M.S,2026-09-27T21:00:00Z,,false
2026-09-26T09:47:00Z,2026-09-26T09:47:40Z,expected,,SABAHAT SONAY,PANAMA,CARGO,EMBT 11600 MT STEEL BILLETS,EMBT STEEL BILLETS,other,11600.0,BIZERTE,SIKARYASE SHIPPING ET SERVICES (ZEGHNOUN MOHAMMED),2026-09-28T16:00:00Z,,false
2026-09-26T17:01:00Z,2026-09-26T17:01:26Z,berthed,RR/1,EAGLE,MONGOLIE,CARGO,"360,48Mt Bus",Bus,general,360.48,HAIPHONG,ALGERIA MARITIME SERVICES AGENCY ALMARSA (LALOUI IMAD),2026-02-24T21:00:00Z,,true
2026-09-26T17:01:00Z,2026-09-26T17:01:26Z,berthed,GC/4,ANQIFENG,MARSHALL ISLANDS,VRAQUIER,27229.383 MT DIVERS,DIVERS,general,27229.383,LIANYUNGANG,SARL ISA SHIPPING TRADING AND LOGISTIC,2026-08-09T19:12:00Z,,false
2026-09-26T17:01:00Z,2026-09-26T17:01:26Z,berthed,QW/4,RONG XIANG,MARSHALL ISLANDS,VRAQUIER,"29348,76 MT MDF BOARD",MDF BOARD,general,29348.76,MALTA,SARL I.S.M.S,2026-08-24T17:15:00Z,,false
2026-09-26T17:01:00Z,2026-09-26T17:01:26Z,berthed,QDZ/2,TAI HARMONY,HONG KONG,VRAQUIER,19712.56 MT DIVERS,DIVERS,general,19712.56,PORT SAID,SARL I.S.M.S,2026-08-31T13:10:00Z,,false
2026-09-26T17:01:00Z,2026-09-26T17:01:26Z,berthed,GC/6,BAO NING,HONG KONG,VRAQUIER,34339.46 MT DIVERS,DIVERS,general,34339.46,SUEZ CANAL,SARL I.S.M.S,2026-09-01T13:18:00Z,,false
2026-09-26T17:01:00Z,2026-09-26T17:01:26Z,berthed,QDZ/3,SPRING COSMOS,HONG KONG,VRAQUIER,36706.23 MT DIVERS,DIVERS,general,36706.23,ZHANGJIAGANG,SARL I.S.M.S,2026-09-09T07:40:00Z,,false
2026-09-26T17:01:00Z,2026-09-26T17:01:26Z,berthed,QDZ/1,AMOY CENTURY,HONG KONG,VRAQUIER,27735.25 Mt Divers,Divers,general,27735.25,TIANJIN,SARL I.S.M.S,2026-09-15T11:00:00Z,,false
2026-09-26T17:01:00Z,2026-09-26T17:01:26Z,berthed,QW/1,ACRUX AMELIA,LIBERIA,VRAQUIER,60236.54 Blé Dur,Blé Dur,grain,60236.54,VANCOUVER (CA),GEMA,2026-09-15T23:45:00Z,,false
2026-09-26T17:01:00Z,2026-09-26T17:01:26Z,berthed,QM,CATHY OCEAN,BAHAMAS,VRAQUIER,36524.53 MT DIVERS,DIVERS,general,36524.53,TIANJIN,SARL ISA SHIPPING TRADING AND LOGISTIC,2026-09-23T21:20:00Z,,false
2026-09-26T17:01:00Z,2026-09-26T17:01:26Z,berthed,QW/7,BERGE NIMBA,LIBERIA,VRAQUIER,140571 MT IRON ORE,IRON ORE,iron_ore,140571.0,SEPT-ILES,GEMA,2026-09-24T21:10:00Z,,false
2026-09-26T17:01:00Z,2026-09-26T17:01:26Z,berthed,QM/1,SAOURA,ALGÉRIE,CARGO,Emb 4500 mt Rond à béton,Emb Rond à béton,other,4500.0,ALGER,NASHCO,2026-09-25T07:00:00Z,,false
2026-09-26T17:01:00Z,2026-09-26T17:01:26Z,berthed,GC/1,GOLDEN BAY,TOGO,CARGO,EMBT 9500 MT GRIGNON D'OLIVE,EMBT GRIGNON D'OLIVE,other,9500.0,SFAX,SARL VICTORIMAR,2026-09-25T20:05:00Z,,false
2026-09-26T17:01:00Z,2026-09-26T17:01:26Z,berthed,QM/2,CT DANIEL,PORTUGAL,PORTE- CONTENEURS,6984.98 MT TCS,TCS,container,6984.98,BARCELONE,SPA CMA CGM ALGERIE,2026-09-26T07:00:00Z,,false
2026-09-26T17:01:00Z,2026-09-26T17:01:26Z,berthed,QW/6,TAI HARVEST,HONG KONG,VRAQUIER,35751.05 MT Divers,Divers,general,35751.05,LIANYUNGANG,SARL I.S.M.S,2026-09-26T10:15:00Z,,false
2026-09-26T17:01:00Z,2026-09-26T17:01:26Z,anchorage,,NOVI,ST VINCENT GRENADINES,VRAQUIER,31370.16 MT Blé tendre en vrac,Blé tendre en vrac,grain,31370.16,ROCSZ,GEMA,2026-09-24T23:30:00Z,Waiting for berth,false
2026-09-26T17:01:00Z,2026-09-26T17:01:26Z,expected,,BAO SHENG,HONG KONG,VRAQUIER,46698.06 mt divers,divers,general,46698.06,LIANYUNGANG,SARL I.S.M.S,2026-09-27T21:00:00Z,,false
2026-09-26T17:01:00Z,2026-09-26T17:01:26Z,expected,,SABAHAT SONAY,PANAMA,CARGO,EMBT 11600 MT STEEL BILLETS,EMBT STEEL BILLETS,other,11600.0,BIZERTE,SIKARYASE SHIPPING ET SERVICES (ZEGHNOUN MOHAMMED),2026-09-28T16:00:00Z,,false
2026-09-26T23:28:00Z,2026-09-26T23:28:54Z,berthed,RR/1,EAGLE,MONGOLIE,CARGO,"360,48Mt Bus",Bus,general,360.48,HAIPHONG,ALGERIA MARITIME SERVICES AGENCY ALMARSA (LALOUI IMAD),2026-02-24T21:00:00Z,,true
2026-09-26T23:28:00Z,2026-09-26T23:28:54Z,berthed,GC/4,ANQIFENG,MARSHALL ISLANDS,VRAQUIER,27229.383 MT DIVERS,DIVERS,general,27229.383,LIANYUNGANG,SARL ISA SHIPPING TRADING AND LOGISTIC,2026-08-09T19:12:00Z,,false
2026-09-26T23:28:00Z,2026-09-26T23:28:54Z,berthed,QW/4,RONG XIANG,MARSHALL ISLANDS,VRAQUIER,"29348,76 MT MDF BOARD",MDF BOARD,general,29348.76,MALTA,SARL I.S.M.S,2026-08-24T17:15:00Z,,false
2026-09-26T23:28:00Z,2026-09-26T23:28:54Z,berthed,QDZ/2,TAI HARMONY,HONG KONG,VRAQUIER,19712.56 MT DIVERS,DIVERS,general,19712.56,PORT SAID,SARL I.S.M.S,2026-08-31T13:10:00Z,,false
2026-09-26T23:28:00Z,2026-09-26T23:28:54Z,berthed,GC/6,BAO NING,HONG KONG,VRAQUIER,34339.46 MT DIVERS,DIVERS,general,34339.46,SUEZ CANAL,SARL I.S.M.S,2026-09-01T13:18:00Z,,false
2026-09-26T23:28:00Z,2026-09-26T23:28:54Z,berthed,QDZ/3,SPRING COSMOS,HONG KONG,VRAQUIER,36706.23 MT DIVERS,DIVERS,general,36706.23,ZHANGJIAGANG,SARL I.S.M.S,2026-09-09T07:40:00Z,,false
2026-09-26T23:28:00Z,2026-09-26T23:28:54Z,berthed,QDZ/1,AMOY CENTURY,HONG KONG,VRAQUIER,27735.25 Mt Divers,Divers,general,27735.25,TIANJIN,SARL I.S.M.S,2026-09-15T11:00:00Z,,false
2026-09-26T23:28:00Z,2026-09-26T23:28:54Z,berthed,QW/1,ACRUX AMELIA,LIBERIA,VRAQUIER,60236.54 Blé Dur,Blé Dur,grain,60236.54,VANCOUVER (CA),GEMA,2026-09-15T23:45:00Z,,false
2026-09-26T23:28:00Z,2026-09-26T23:28:54Z,berthed,QM,CATHY OCEAN,BAHAMAS,VRAQUIER,36524.53 MT DIVERS,DIVERS,general,36524.53,TIANJIN,SARL ISA SHIPPING TRADING AND LOGISTIC,2026-09-23T21:20:00Z,,false
2026-09-26T23:28:00Z,2026-09-26T23:28:54Z,berthed,QW/7,BERGE NIMBA,LIBERIA,VRAQUIER,140571 MT IRON ORE,IRON ORE,iron_ore,140571.0,SEPT-ILES,GEMA,2026-09-24T21:10:00Z,,false
2026-09-26T23:28:00Z,2026-09-26T23:28:54Z,berthed,QM/1,SAOURA,ALGÉRIE,CARGO,Emb 4500 mt Rond à béton,Emb Rond à béton,other,4500.0,ALGER,NASHCO,2026-09-25T07:00:00Z,,false
2026-09-26T23:28:00Z,2026-09-26T23:28:54Z,berthed,GC/1,GOLDEN BAY,TOGO,CARGO,EMBT 9500 MT GRIGNON D'OLIVE,EMBT GRIGNON D'OLIVE,other,9500.0,SFAX,SARL VICTORIMAR,2026-09-25T20:05:00Z,,false
2026-09-26T23:28:00Z,2026-09-26T23:28:54Z,berthed,QM/2,CT DANIEL,PORTUGAL,PORTE- CONTENEURS,6984.98 MT TCS,TCS,container,6984.98,BARCELONE,SPA CMA CGM ALGERIE,2026-09-26T07:00:00Z,,false
2026-09-26T23:28:00Z,2026-09-26T23:28:54Z,berthed,QW/6,TAI HARVEST,HONG KONG,VRAQUIER,35751.05 MT Divers,Divers,general,35751.05,LIANYUNGANG,SARL I.S.M.S,2026-09-26T10:15:00Z,,false
2026-09-26T23:28:00Z,2026-09-26T23:28:54Z,anchorage,,NOVI,ST VINCENT GRENADINES,VRAQUIER,31370.16 MT Blé tendre en vrac,Blé tendre en vrac,grain,31370.16,ROCSZ,GEMA,2026-09-24T23:30:00Z,Waiting for berth,false
2026-09-26T23:28:00Z,2026-09-26T23:28:54Z,expected,,BAO SHENG,HONG KONG,VRAQUIER,46698.06 mt divers,divers,general,46698.06,LIANYUNGANG,SARL I.S.M.S,2026-09-27T21:00:00Z,,false
2026-09-26T23:28:00Z,2026-09-26T23:28:54Z,expected,,SABAHAT SONAY,PANAMA,CARGO,EMBT 11600 MT STEEL BILLETS,EMBT STEEL BILLETS,other,11600.0,BIZERTE,SIKARYASE SHIPPING ET SERVICES (ZEGHNOUN MOHAMMED),2026-09-28T16:00:00Z,,false
2026-09-27T10:28:00Z,2026-09-27T10:28:55Z,berthed,RR/1,EAGLE,MONGOLIE,CARGO,"360,48Mt Bus",Bus,general,360.48,HAIPHONG,ALGERIA MARITIME SERVICES AGENCY ALMARSA (LALOUI IMAD),2026-02-24T21:00:00Z,,true
2026-09-27T10:28:00Z,2026-09-27T10:28:55Z,berthed,GC/4,ANQIFENG,MARSHALL ISLANDS,VRAQUIER,27229.383 MT DIVERS,DIVERS,general,27229.383,LIANYUNGANG,SARL ISA SHIPPING TRADING AND LOGISTIC,2026-08-09T19:12:00Z,,false
2026-09-27T10:28:00Z,2026-09-27T10:28:55Z,berthed,QW/4,RONG XIANG,MARSHALL ISLANDS,VRAQUIER,"29348,76 MT MDF BOARD",MDF BOARD,general,29348.76,MALTA,SARL I.S.M.S,2026-08-24T17:15:00Z,,false
2026-09-27T10:28:00Z,2026-09-27T10:28:55Z,berthed,QDZ/2,TAI HARMONY,HONG KONG,VRAQUIER,19712.56 MT DIVERS,DIVERS,general,19712.56,PORT SAID,SARL I.S.M.S,2026-08-31T13:10:00Z,,false
2026-09-27T10:28:00Z,2026-09-27T10:28:55Z,berthed,GC/6,BAO NING,HONG KONG,VRAQUIER,34339.46 MT DIVERS,DIVERS,general,34339.46,SUEZ CANAL,SARL I.S.M.S,2026-09-01T13:18:00Z,,false
2026-09-27T10:28:00Z,2026-09-27T10:28:55Z,berthed,QDZ/3,SPRING COSMOS,HONG KONG,VRAQUIER,36706.23 MT DIVERS,DIVERS,general,36706.23,ZHANGJIAGANG,SARL I.S.M.S,2026-09-09T07:40:00Z,,false
2026-09-27T10:28:00Z,2026-09-27T10:28:55Z,berthed,QDZ/1,AMOY CENTURY,HONG KONG,VRAQUIER,27735.25 Mt Divers,Divers,general,27735.25,TIANJIN,SARL I.S.M.S,2026-09-15T11:00:00Z,,false
2026-09-27T10:28:00Z,2026-09-27T10:28:55Z,berthed,QW/1,ACRUX AMELIA,LIBERIA,VRAQUIER,60236.54 Blé Dur,Blé Dur,grain,60236.54,VANCOUVER (CA),GEMA,2026-09-15T23:45:00Z,,false
2026-09-27T10:28:00Z,2026-09-27T10:28:55Z,berthed,QM,CATHY OCEAN,BAHAMAS,VRAQUIER,36524.53 MT DIVERS,DIVERS,general,36524.53,TIANJIN,SARL ISA SHIPPING TRADING AND LOGISTIC,2026-09-23T21:20:00Z,,false
2026-09-27T10:28:00Z,2026-09-27T10:28:55Z,berthed,QW/7,BERGE NIMBA,LIBERIA,VRAQUIER,140571 MT IRON ORE,IRON ORE,iron_ore,140571.0,SEPT-ILES,GEMA,2026-09-24T21:10:00Z,,false
2026-09-27T10:28:00Z,2026-09-27T10:28:55Z,berthed,QM/1,SAOURA,ALGÉRIE,CARGO,Emb 4500 mt Rond à béton,Emb Rond à béton,other,4500.0,ALGER,NASHCO,2026-09-25T07:00:00Z,,false
2026-09-27T10:28:00Z,2026-09-27T10:28:55Z,berthed,GC/1,GOLDEN BAY,TOGO,CARGO,EMBT 9500 MT GRIGNON D'OLIVE,EMBT GRIGNON D'OLIVE,other,9500.0,SFAX,SARL VICTORIMAR,2026-09-25T20:05:00Z,,false
2026-09-27T10:28:00Z,2026-09-27T10:28:55Z,berthed,QM/2,CT DANIEL,PORTUGAL,PORTE- CONTENEURS,6984.98 MT TCS,TCS,container,6984.98,BARCELONE,SPA CMA CGM ALGERIE,2026-09-26T07:00:00Z,,false
2026-09-27T10:28:00Z,2026-09-27T10:28:55Z,berthed,QW/6,TAI HARVEST,HONG KONG,VRAQUIER,35751.05 MT Divers,Divers,general,35751.05,LIANYUNGANG,SARL I.S.M.S,2026-09-26T10:15:00Z,,false
2026-09-27T10:28:00Z,2026-09-27T10:28:55Z,anchorage,,NOVI,ST VINCENT GRENADINES,VRAQUIER,31370.16 MT Blé tendre en vrac,Blé tendre en vrac,grain,31370.16,ROCSZ,GEMA,2026-09-24T23:30:00Z,Waiting for berth,false
2026-09-27T10:28:00Z,2026-09-27T10:28:55Z,expected,,SABAHAT SONAY,PANAMA,CARGO,EMBT 11600 MT STEEL BILLETS,EMBT STEEL BILLETS,other,11600.0,BIZERTE,SIKARYASE SHIPPING ET SERVICES (ZEGHNOUN MOHAMMED),2026-09-27T20:00:00Z,,false
2026-09-27T10:28:00Z,2026-09-27T10:28:55Z,expected,,BAO SHENG,HONG KONG,VRAQUIER,46698.06 mt divers,divers,general,46698.06,LIANYUNGANG,SARL I.S.M.S,2026-09-27T21:00:00Z,,false
2026-09-27T17:38:00Z,2026-09-27T17:38:28Z,berthed,RR/1,EAGLE,MONGOLIE,CARGO,"360,48Mt Bus",Bus,general,360.48,HAIPHONG,ALGERIA MARITIME SERVICES AGENCY ALMARSA (LALOUI IMAD),2026-02-24T21:00:00Z,,true
2026-09-27T17:38:00Z,2026-09-27T17:38:28Z,berthed,GC/4,ANQIFENG,MARSHALL ISLANDS,VRAQUIER,27229.383 MT DIVERS,DIVERS,general,27229.383,LIANYUNGANG,SARL ISA SHIPPING TRADING AND LOGISTIC,2026-08-09T19:12:00Z,,false
2026-09-27T17:38:00Z,2026-09-27T17:38:28Z,berthed,QW/4,RONG XIANG,MARSHALL ISLANDS,VRAQUIER,"29348,76 MT MDF BOARD",MDF BOARD,general,29348.76,MALTA,SARL I.S.M.S,2026-08-24T17:15:00Z,,false
2026-09-27T17:38:00Z,2026-09-27T17:38:28Z,berthed,QDZ/2,TAI HARMONY,HONG KONG,VRAQUIER,19712.56 MT DIVERS,DIVERS,general,19712.56,PORT SAID,SARL I.S.M.S,2026-08-31T13:10:00Z,,false
2026-09-27T17:38:00Z,2026-09-27T17:38:28Z,berthed,GC/6,BAO NING,HONG KONG,VRAQUIER,34339.46 MT DIVERS,DIVERS,general,34339.46,SUEZ CANAL,SARL I.S.M.S,2026-09-01T13:18:00Z,,false
2026-09-27T17:38:00Z,2026-09-27T17:38:28Z,berthed,QDZ/3,SPRING COSMOS,HONG KONG,VRAQUIER,36706.23 MT DIVERS,DIVERS,general,36706.23,ZHANGJIAGANG,SARL I.S.M.S,2026-09-09T07:40:00Z,,false
2026-09-27T17:38:00Z,2026-09-27T17:38:28Z,berthed,QDZ/1,AMOY CENTURY,HONG KONG,VRAQUIER,27735.25 Mt Divers,Divers,general,27735.25,TIANJIN,SARL I.S.M.S,2026-09-15T11:00:00Z,,false
2026-09-27T17:38:00Z,2026-09-27T17:38:28Z,berthed,QW/1,ACRUX AMELIA,LIBERIA,VRAQUIER,60236.54 Blé Dur,Blé Dur,grain,60236.54,VANCOUVER (CA),GEMA,2026-09-15T23:45:00Z,,false
2026-09-27T17:38:00Z,2026-09-27T17:38:28Z,berthed,QM,CATHY OCEAN,BAHAMAS,VRAQUIER,36524.53 MT DIVERS,DIVERS,general,36524.53,TIANJIN,SARL ISA SHIPPING TRADING AND LOGISTIC,2026-09-23T21:20:00Z,,false
2026-09-27T17:38:00Z,2026-09-27T17:38:28Z,berthed,QW/7,BERGE NIMBA,LIBERIA,VRAQUIER,140571 MT IRON ORE,IRON ORE,iron_ore,140571.0,SEPT-ILES,GEMA,2026-09-24T21:10:00Z,,false
2026-09-27T17:38:00Z,2026-09-27T17:38:28Z,berthed,QM/1,SAOURA,ALGÉRIE,CARGO,Emb 4500 mt Rond à béton,Emb Rond à béton,other,4500.0,ALGER,NASHCO SKIKDA- ANTENNE DJENDJEN,2026-09-25T07:00:00Z,,false
2026-09-27T17:38:00Z,2026-09-27T17:38:28Z,berthed,GC/1,GOLDEN BAY,TOGO,CARGO,EMBT 9500 MT GRIGNON D'OLIVE,EMBT GRIGNON D'OLIVE,other,9500.0,SFAX,SARL VICTORIMAR,2026-09-25T20:05:00Z,,false
2026-09-27T17:38:00Z,2026-09-27T17:38:28Z,berthed,QM/2,CT DANIEL,PORTUGAL,PORTE- CONTENEURS,6984.98 MT TCS,TCS,container,6984.98,BARCELONE,SPA CMA CGM ALGERIE,2026-09-26T07:00:00Z,,false
2026-09-27T17:38:00Z,2026-09-27T17:38:28Z,berthed,QW/6,TAI HARVEST,HONG KONG,VRAQUIER,35751.05 MT Divers,Divers,general,35751.05,LIANYUNGANG,SARL I.S.M.S,2026-09-26T10:15:00Z,,false
2026-09-27T17:38:00Z,2026-09-27T17:38:28Z,anchorage,,NOVI,ST VINCENT GRENADINES,VRAQUIER,31370.16 MT Blé tendre en vrac,Blé tendre en vrac,grain,31370.16,ROCSZ,GEMA,2026-09-24T23:30:00Z,Waiting for berth,false
2026-09-27T17:38:00Z,2026-09-27T17:38:28Z,expected,,SABAHAT SONAY,PANAMA,CARGO,EMBT 11600 MT STEEL BILLETS,EMBT STEEL BILLETS,other,11600.0,BIZERTE,SIKARYASE SHIPPING ET SERVICES (ZEGHNOUN MOHAMMED),2026-09-27T20:00:00Z,,false
2026-09-27T17:38:00Z,2026-09-27T17:38:28Z,expected,,BAO SHENG,HONG KONG,VRAQUIER,46698.06 mt divers,divers,general,46698.06,LIANYUNGANG,SARL I.S.M.S,2026-09-27T21:00:00Z,,false
2026-09-27T17:38:00Z,2026-09-27T17:38:28Z,expected,,FALCON KIZUNA,SINGAPOURE,VRAQUIER,1846 Mt Steel Pipes,Steel Pipes,other,1846.0,WAKAYAMA,SOGEMCO,2026-09-29T01:00:00Z,,false
2026-09-27T17:38:00Z,2026-09-27T17:38:28Z,expected,,XIN HAI TONG 16,MARSHALL ISLANDS,CARGO,21132.28 Mt Divers,Divers,general,21132.28,LIANYUNGANG,SARL ISA SHIPPING TRADING AND LOGISTIC,2026-09-29T07:00:00Z,,false
2026-09-27T17:38:00Z,2026-09-27T17:38:28Z,expected,,DUBAI TOWER,LIBERIA,PORTE- CONTENEURS,Débqt 600Mt Tcs,Débqt Tcs,container,600.0,FELIXSTOWE,SARL ROMEU ALGERIE,2026-09-29T22:00:00Z,,false
2026-09-27T23:43:00Z,2026-09-27T23:43:53Z,berthed,RR/1,EAGLE,MONGOLIE,CARGO,"360,48Mt Bus",Bus,general,360.48,HAIPHONG,ALGERIA MARITIME SERVICES AGENCY ALMARSA (LALOUI IMAD),2026-02-24T21:00:00Z,,true
2026-09-27T23:43:00Z,2026-09-27T23:43:53Z,berthed,GC/4,ANQIFENG,MARSHALL ISLANDS,VRAQUIER,27229.383 MT DIVERS,DIVERS,general,27229.383,LIANYUNGANG,SARL ISA SHIPPING TRADING AND LOGISTIC,2026-08-09T19:12:00Z,,false
2026-09-27T23:43:00Z,2026-09-27T23:43:53Z,berthed,QW/4,RONG XIANG,MARSHALL ISLANDS,VRAQUIER,"29348,76 MT MDF BOARD",MDF BOARD,general,29348.76,MALTA,SARL I.S.M.S,2026-08-24T17:15:00Z,,false
2026-09-27T23:43:00Z,2026-09-27T23:43:53Z,berthed,QDZ/2,TAI HARMONY,HONG KONG,VRAQUIER,19712.56 MT DIVERS,DIVERS,general,19712.56,PORT SAID,SARL I.S.M.S,2026-08-31T13:10:00Z,,false
2026-09-27T23:43:00Z,2026-09-27T23:43:53Z,berthed,GC/6,BAO NING,HONG KONG,VRAQUIER,34339.46 MT DIVERS,DIVERS,general,34339.46,SUEZ CANAL,SARL I.S.M.S,2026-09-01T13:18:00Z,,false
2026-09-27T23:43:00Z,2026-09-27T23:43:53Z,berthed,QDZ/3,SPRING COSMOS,HONG KONG,VRAQUIER,36706.23 MT DIVERS,DIVERS,general,36706.23,ZHANGJIAGANG,SARL I.S.M.S,2026-09-09T07:40:00Z,,false
2026-09-27T23:43:00Z,2026-09-27T23:43:53Z,berthed,QDZ/1,AMOY CENTURY,HONG KONG,VRAQUIER,27735.25 Mt Divers,Divers,general,27735.25,TIANJIN,SARL I.S.M.S,2026-09-15T11:00:00Z,,false
2026-09-27T23:43:00Z,2026-09-27T23:43:53Z,berthed,QW/1,ACRUX AMELIA,LIBERIA,VRAQUIER,60236.54 Blé Dur,Blé Dur,grain,60236.54,VANCOUVER (CA),GEMA,2026-09-15T23:45:00Z,,false
2026-09-27T23:43:00Z,2026-09-27T23:43:53Z,berthed,QM,CATHY OCEAN,BAHAMAS,VRAQUIER,36524.53 MT DIVERS,DIVERS,general,36524.53,TIANJIN,SARL ISA SHIPPING TRADING AND LOGISTIC,2026-09-23T21:20:00Z,,false
2026-09-27T23:43:00Z,2026-09-27T23:43:53Z,berthed,QW/7,BERGE NIMBA,LIBERIA,VRAQUIER,140571 MT IRON ORE,IRON ORE,iron_ore,140571.0,SEPT-ILES,GEMA,2026-09-24T21:10:00Z,,false
2026-09-27T23:43:00Z,2026-09-27T23:43:53Z,berthed,QM/1,SAOURA,ALGÉRIE,CARGO,Emb 4500 mt Rond à béton,Emb Rond à béton,other,4500.0,ALGER,NASHCO SKIKDA- ANTENNE DJENDJEN,2026-09-25T07:00:00Z,,false
2026-09-27T23:43:00Z,2026-09-27T23:43:53Z,berthed,GC/1,GOLDEN BAY,TOGO,CARGO,EMBT 9500 MT GRIGNON D'OLIVE,EMBT GRIGNON D'OLIVE,other,9500.0,SFAX,SARL VICTORIMAR,2026-09-25T20:05:00Z,,false
2026-09-27T23:43:00Z,2026-09-27T23:43:53Z,berthed,QM/2,CT DANIEL,PORTUGAL,PORTE- CONTENEURS,6984.98 MT TCS,TCS,container,6984.98,BARCELONE,SPA CMA CGM ALGERIE,2026-09-26T07:00:00Z,,false
2026-09-27T23:43:00Z,2026-09-27T23:43:53Z,berthed,QW/6,TAI HARVEST,HONG KONG,VRAQUIER,35751.05 MT Divers,Divers,general,35751.05,LIANYUNGANG,SARL I.S.M.S,2026-09-26T10:15:00Z,,false
2026-09-27T23:43:00Z,2026-09-27T23:43:53Z,anchorage,,NOVI,ST VINCENT GRENADINES,VRAQUIER,31370.16 MT Blé tendre en vrac,Blé tendre en vrac,grain,31370.16,ROCSZ,GEMA,2026-09-24T23:30:00Z,Waiting for berth,false
2026-09-27T23:43:00Z,2026-09-27T23:43:53Z,anchorage,,SABAHAT SONAY,PANAMA,CARGO,EMBT 11600 MT STEEL BILLETS,EMBT STEEL BILLETS,other,11600.0,TNBIZ,SIKARYASE SHIPPING ET SERVICES (ZEGHNOUN MOHAMMED),2026-09-27T20:00:00Z,Waiting for berth,false
2026-09-27T23:43:00Z,2026-09-27T23:43:53Z,anchorage,,BAO SHENG,HONG KONG,VRAQUIER,46698.06 mt divers,divers,general,46698.06,CNLNG,SARL I.S.M.S,2026-09-27T22:30:00Z,Waiting for berth,false
2026-09-27T23:43:00Z,2026-09-27T23:43:53Z,expected,,FALCON KIZUNA,SINGAPOURE,VRAQUIER,1846 Mt Steel Pipes,Steel Pipes,other,1846.0,WAKAYAMA,SOGEMCO,2026-09-29T01:00:00Z,,false
2026-09-27T23:43:00Z,2026-09-27T23:43:53Z,expected,,XIN HAI TONG 16,MARSHALL ISLANDS,CARGO,21132.28 Mt Divers,Divers,general,21132.28,LIANYUNGANG,SARL ISA SHIPPING TRADING AND LOGISTIC,2026-09-29T07:00:00Z,,false
2026-09-27T23:43:00Z,2026-09-27T23:43:53Z,expected,,DUBAI TOWER,LIBERIA,PORTE- CONTENEURS,Débqt 600Mt Tcs,Débqt Tcs,container,600.0,FELIXSTOWE,SARL ROMEU ALGERIE,2026-09-29T22:00:00Z,,false
2026-09-28T11:36:00Z,2026-09-28T11:36:33Z,berthed,RR/1,EAGLE,MONGOLIE,CARGO,"360,48Mt Bus",Bus,general,360.48,HAIPHONG,ALGERIA MARITIME SERVICES AGENCY ALMARSA (LALOUI IMAD),2026-02-24T21:00:00Z,,true
2026-09-28T11:36:00Z,2026-09-28T11:36:33Z,berthed,QW/4,RONG XIANG,MARSHALL ISLANDS,VRAQUIER,"29348,76 MT MDF BOARD",MDF BOARD,general,29348.76,MALTA,SARL I.S.M.S,2026-08-24T17:15:00Z,,false
2026-09-28T11:36:00Z,2026-09-28T11:36:33Z,berthed,QDZ/2,TAI HARMONY,HONG KONG,VRAQUIER,19712.56 MT DIVERS,DIVERS,general,19712.56,PORT SAID,SARL I.S.M.S,2026-08-31T13:10:00Z,,false
2026-09-28T11:36:00Z,2026-09-28T11:36:33Z,berthed,GC/6,BAO NING,HONG KONG,VRAQUIER,34339.46 MT DIVERS,DIVERS,general,34339.46,SUEZ CANAL,SARL I.S.M.S,2026-09-01T13:18:00Z,,false
2026-09-28T11:36:00Z,2026-09-28T11:36:33Z,berthed,QDZ/3,SPRING COSMOS,HONG KONG,VRAQUIER,36706.23 MT DIVERS,DIVERS,general,36706.23,ZHANGJIAGANG,SARL I.S.M.S,2026-09-09T07:40:00Z,,false
2026-09-28T11:36:00Z,2026-09-28T11:36:33Z,berthed,QDZ/1,AMOY CENTURY,HONG KONG,VRAQUIER,27735.25 Mt Divers,Divers,general,27735.25,TIANJIN,SARL I.S.M.S,2026-09-15T11:00:00Z,,false
2026-09-28T11:36:00Z,2026-09-28T11:36:33Z,berthed,QW/1,ACRUX AMELIA,LIBERIA,VRAQUIER,60236.54 Blé Dur,Blé Dur,grain,60236.54,VANCOUVER (CA),GEMA,2026-09-15T23:45:00Z,,false
2026-09-28T11:36:00Z,2026-09-28T11:36:33Z,berthed,QM,CATHY OCEAN,BAHAMAS,VRAQUIER,36524.53 MT DIVERS,DIVERS,general,36524.53,TIANJIN,SARL ISA SHIPPING TRADING AND LOGISTIC,2026-09-23T21:20:00Z,,false
2026-09-28T11:36:00Z,2026-09-28T11:36:33Z,berthed,QW/7,BERGE NIMBA,LIBERIA,VRAQUIER,140571 MT IRON ORE,IRON ORE,iron_ore,140571.0,SEPT-ILES,GEMA,2026-09-24T21:10:00Z,,false
2026-09-28T11:36:00Z,2026-09-28T11:36:33Z,berthed,QM/1,SAOURA,ALGÉRIE,CARGO,Emb 4500 mt Rond à béton,Emb Rond à béton,other,4500.0,ALGER,NASHCO SKIKDA- ANTENNE DJENDJEN,2026-09-25T07:00:00Z,,false
2026-09-28T11:36:00Z,2026-09-28T11:36:33Z,berthed,GC/1,GOLDEN BAY,TOGO,CARGO,EMBT 9500 MT GRIGNON D'OLIVE,EMBT GRIGNON D'OLIVE,other,9500.0,SFAX,SARL VICTORIMAR,2026-09-25T20:05:00Z,,false
2026-09-28T11:36:00Z,2026-09-28T11:36:33Z,berthed,QW/6,TAI HARVEST,HONG KONG,VRAQUIER,35751.05 MT Divers,Divers,general,35751.05,LIANYUNGANG,SARL I.S.M.S,2026-09-26T10:15:00Z,,false
2026-09-28T11:36:00Z,2026-09-28T11:36:33Z,berthed,QM/2,SABAHAT SONAY,PANAMA,CARGO,EMBT 11600 MT STEEL BILLETS,EMBT STEEL BILLETS,other,11600.0,BIZERTE,SIKARYASE SHIPPING ET SERVICES (ZEGHNOUN MOHAMMED),2026-09-28T01:20:00Z,,false
2026-09-28T11:36:00Z,2026-09-28T11:36:33Z,anchorage,,NOVI,ST VINCENT GRENADINES,VRAQUIER,31370.16 MT Blé tendre en vrac,Blé tendre en vrac,grain,31370.16,ROCSZ,GEMA,2026-09-24T23:30:00Z,Waiting for berth,false
2026-09-28T11:36:00Z,2026-09-28T11:36:33Z,anchorage,,BAO SHENG,HONG KONG,VRAQUIER,46698.06 mt divers,divers,general,46698.06,CNLNG,SARL I.S.M.S,2026-09-27T22:30:00Z,Waiting for berth,false
2026-09-28T11:36:00Z,2026-09-28T11:36:33Z,expected,,FALCON KIZUNA,SINGAPOURE,VRAQUIER,1846 Mt Steel Pipes,Steel Pipes,other,1846.0,WAKAYAMA,SOGEMCO,2026-09-29T01:00:00Z,,false
2026-09-28T11:36:00Z,2026-09-28T11:36:33Z,expected,,XIN HAI TONG 16,MARSHALL ISLANDS,CARGO,21132.28 Mt Divers,Divers,general,21132.28,LIANYUNGANG,SARL ISA SHIPPING TRADING AND LOGISTIC,2026-09-29T07:00:00Z,,false
2026-09-28T11:36:00Z,2026-09-28T11:36:33Z,expected,,DUBAI TOWER,LIBERIA,PORTE- CONTENEURS,Débqt 600Mt Tcs,Débqt Tcs,container,600.0,FELIXSTOWE,SARL ROMEU ALGERIE,2026-09-29T22:00:00Z,,false
2026-09-28T20:04:00Z,2026-09-28T20:04:50Z,berthed,RR/1,EAGLE,MONGOLIE,CARGO,"360,48Mt Bus",Bus,general,360.48,HAIPHONG,ALGERIA MARITIME SERVICES AGENCY ALMARSA (LALOUI IMAD),2026-02-24T21:00:00Z,,true
2026-09-28T20:04:00Z,2026-09-28T20:04:50Z,berthed,QW/4,RONG XIANG,MARSHALL ISLANDS,VRAQUIER,"29348,76 MT MDF BOARD",MDF BOARD,general,29348.76,MALTA,SARL I.S.M.S,2026-08-24T17:15:00Z,,false
2026-09-28T20:04:00Z,2026-09-28T20:04:50Z,berthed,QDZ/2,TAI HARMONY,HONG KONG,VRAQUIER,19712.56 MT DIVERS,DIVERS,general,19712.56,PORT SAID,SARL I.S.M.S,2026-08-31T13:10:00Z,,false
2026-09-28T20:04:00Z,2026-09-28T20:04:50Z,berthed,GC/6,BAO NING,HONG KONG,VRAQUIER,34339.46 MT DIVERS,DIVERS,general,34339.46,SUEZ CANAL,SARL I.S.M.S,2026-09-01T13:18:00Z,,false
2026-09-28T20:04:00Z,2026-09-28T20:04:50Z,berthed,QDZ/3,SPRING COSMOS,HONG KONG,VRAQUIER,36706.23 MT DIVERS,DIVERS,general,36706.23,ZHANGJIAGANG,SARL I.S.M.S,2026-09-09T07:40:00Z,,false
2026-09-28T20:04:00Z,2026-09-28T20:04:50Z,berthed,QDZ/1,AMOY CENTURY,HONG KONG,VRAQUIER,27735.25 Mt Divers,Divers,general,27735.25,TIANJIN,SARL I.S.M.S,2026-09-15T11:00:00Z,,false
2026-09-28T20:04:00Z,2026-09-28T20:04:50Z,berthed,QW/1,ACRUX AMELIA,LIBERIA,VRAQUIER,60236.54 Blé Dur,Blé Dur,grain,60236.54,VANCOUVER (CA),GEMA,2026-09-15T23:45:00Z,,false
2026-09-28T20:04:00Z,2026-09-28T20:04:50Z,berthed,QM,CATHY OCEAN,BAHAMAS,VRAQUIER,36524.53 MT DIVERS,DIVERS,general,36524.53,TIANJIN,SARL ISA SHIPPING TRADING AND LOGISTIC,2026-09-23T21:20:00Z,,false
2026-09-28T20:04:00Z,2026-09-28T20:04:50Z,berthed,QW/7,BERGE NIMBA,LIBERIA,VRAQUIER,140571 MT IRON ORE,IRON ORE,iron_ore,140571.0,SEPT-ILES,GEMA,2026-09-24T21:10:00Z,,false
2026-09-28T20:04:00Z,2026-09-28T20:04:50Z,berthed,QM/1,SAOURA,ALGÉRIE,CARGO,Emb 4500 mt Rond à béton,Emb Rond à béton,other,4500.0,ALGER,NASHCO SKIKDA- ANTENNE DJENDJEN,2026-09-25T07:00:00Z,,false
2026-09-28T20:04:00Z,2026-09-28T20:04:50Z,berthed,GC/1,GOLDEN BAY,TOGO,CARGO,EMBT 9500 MT GRIGNON D'OLIVE,EMBT GRIGNON D'OLIVE,other,9500.0,SFAX,SARL VICTORIMAR,2026-09-25T20:05:00Z,,false
2026-09-28T20:04:00Z,2026-09-28T20:04:50Z,berthed,QW/6,TAI HARVEST,HONG KONG,VRAQUIER,35751.05 MT Divers,Divers,general,35751.05,LIANYUNGANG,SARL I.S.M.S,2026-09-26T10:15:00Z,,false
2026-09-28T20:04:00Z,2026-09-28T20:04:50Z,berthed,QM/2,SABAHAT SONAY,PANAMA,CARGO,EMBT 11600 MT STEEL BILLETS,EMBT STEEL BILLETS,other,11600.0,BIZERTE,SIKARYASE SHIPPING ET SERVICES (ZEGHNOUN MOHAMMED),2026-09-28T01:20:00Z,,false
2026-09-28T20:04:00Z,2026-09-28T20:04:50Z,anchorage,,NOVI,ST VINCENT GRENADINES,VRAQUIER,31370.16 MT Blé tendre en vrac,Blé tendre en vrac,grain,31370.16,ROCSZ,GEMA,2026-09-24T23:30:00Z,Waiting for berth,false
2026-09-28T20:04:00Z,2026-09-28T20:04:50Z,anchorage,,BAO SHENG,HONG KONG,VRAQUIER,46698.06 mt divers,divers,general,46698.06,CNLNG,SARL I.S.M.S,2026-09-27T22:30:00Z,Waiting for berth,false
2026-09-28T20:04:00Z,2026-09-28T20:04:50Z,anchorage,,FALCON KIZUNA,SINGAPOURE,VRAQUIER,1846 Mt Steel Pipes,Steel Pipes,other,1846.0,JPWKY,SOGEMCO,2026-09-28T19:00:00Z,Waiting for berth,false
2026-09-28T20:04:00Z,2026-09-28T20:04:50Z,expected,,XIN HAI TONG 16,MARSHALL ISLANDS,CARGO,21132.28 Mt Divers,Divers,general,21132.28,LIANYUNGANG,SARL ISA SHIPPING TRADING AND LOGISTIC,2026-09-29T07:00:00Z,,false
2026-09-28T20:04:00Z,2026-09-28T20:04:50Z,expected,,DUBAI TOWER,LIBERIA,PORTE- CONTENEURS,Débqt 600 Mt Tcs,Débqt Tcs,container,600.0,FELIXSTOWE,SARL ROMEU ALGERIE,2026-09-29T22:00:00Z,,false
2026-09-29T00:55:00Z,2026-09-29T00:55:16Z,berthed,RR/1,EAGLE,MONGOLIE,CARGO,"360,48Mt Bus",Bus,general,360.48,HAIPHONG,ALGERIA MARITIME SERVICES AGENCY ALMARSA (LALOUI IMAD),2026-02-24T21:00:00Z,,true
2026-09-29T00:55:00Z,2026-09-29T00:55:16Z,berthed,QW/4,RONG XIANG,MARSHALL ISLANDS,VRAQUIER,"29348,76 MT MDF BOARD",MDF BOARD,general,29348.76,MALTA,SARL I.S.M.S,2026-08-24T17:15:00Z,,false
2026-09-29T00:55:00Z,2026-09-29T00:55:16Z,berthed,QDZ/2,TAI HARMONY,HONG KONG,VRAQUIER,19712.56 MT DIVERS,DIVERS,general,19712.56,PORT SAID,SARL I.S.M.S,2026-08-31T13:10:00Z,,false
2026-09-29T00:55:00Z,2026-09-29T00:55:16Z,berthed,GC/6,BAO NING,HONG KONG,VRAQUIER,34339.46 MT DIVERS,DIVERS,general,34339.46,SUEZ CANAL,SARL I.S.M.S,2026-09-01T13:18:00Z,,false
2026-09-29T00:55:00Z,2026-09-29T00:55:16Z,berthed,QDZ/3,SPRING COSMOS,HONG KONG,VRAQUIER,36706.23 MT DIVERS,DIVERS,general,36706.23,ZHANGJIAGANG,SARL I.S.M.S,2026-09-09T07:40:00Z,,false
2026-09-29T00:55:00Z,2026-09-29T00:55:16Z,berthed,QDZ/1,AMOY CENTURY,HONG KONG,VRAQUIER,27735.25 Mt Divers,Divers,general,27735.25,TIANJIN,SARL I.S.M.S,2026-09-15T11:00:00Z,,false
2026-09-29T00:55:00Z,2026-09-29T00:55:16Z,berthed,QM,CATHY OCEAN,BAHAMAS,VRAQUIER,36524.53 MT DIVERS,DIVERS,general,36524.53,TIANJIN,SARL ISA SHIPPING TRADING AND LOGISTIC,2026-09-23T21:20:00Z,,false
2026-09-29T00:55:00Z,2026-09-29T00:55:16Z,berthed,QW/7,BERGE NIMBA,LIBERIA,VRAQUIER,140571 MT IRON ORE,IRON ORE,iron_ore,140571.0,SEPT-ILES,GEMA,2026-09-24T21:10:00Z,,false
2026-09-29T00:55:00Z,2026-09-29T00:55:16Z,berthed,QM/1,SAOURA,ALGÉRIE,CARGO,Emb 4500 mt Rond à béton,Emb Rond à béton,other,4500.0,ALGER,NASHCO SKIKDA- ANTENNE DJENDJEN,2026-09-25T07:00:00Z,,false
2026-09-29T00:55:00Z,2026-09-29T00:55:16Z,berthed,GC/4,GOLDEN BAY,TOGO,CARGO,EMBT 9500 MT GRIGNON D'OLIVE,EMBT GRIGNON D'OLIVE,other,9500.0,SFAX,SARL VICTORIMAR,2026-09-25T20:05:00Z,,false
2026-09-29T00:55:00Z,2026-09-29T00:55:16Z,berthed,QW/6,TAI HARVEST,HONG KONG,VRAQUIER,35751.05 MT Divers,Divers,general,35751.05,LIANYUNGANG,SARL I.S.M.S,2026-09-26T10:15:00Z,,false
2026-09-29T00:55:00Z,2026-09-29T00:55:16Z,berthed,QM/2,SABAHAT SONAY,PANAMA,CARGO,EMBT 11600 MT STEEL BILLETS,EMBT STEEL BILLETS,other,11600.0,BIZERTE,SIKARYASE SHIPPING ET SERVICES (ZEGHNOUN MOHAMMED),2026-09-28T01:20:00Z,,false
2026-09-29T00:55:00Z,2026-09-29T00:55:16Z,berthed,GC/1,FALCON KIZUNA,SINGAPOURE,VRAQUIER,1846 Mt Steel Pipes,Steel Pipes,other,1846.0,WAKAYAMA,SOGEMCO,2026-09-28T20:18:00Z,,false
2026-09-29T00:55:00Z,2026-09-29T00:55:16Z,berthed,QW/1,NOVI,ST VINCENT GRENADINES,VRAQUIER,31370.16 MT Blé tendre en vrac,Blé tendre en vrac,grain,31370.16,CONSTANZA,GEMA,2026-09-28T22:30:00Z,,false
2026-09-29T00:55:00Z,2026-09-29T00:55:16Z,anchorage,,BAO SHENG,HONG KONG,VRAQUIER,46698.06 mt divers,divers,general,46698.06,CNLNG,SARL I.S.M.S,2026-09-27T22:30:00Z,Waiting for berth,false
2026-09-29T00:55:00Z,2026-09-29T00:55:16Z,expected,,XIN HAI TONG 16,MARSHALL ISLANDS,CARGO,21132.28 Mt Divers,Divers,general,21132.28,LIANYUNGANG,SARL ISA SHIPPING TRADING AND LOGISTIC,2026-09-29T07:00:00Z,,false
2026-09-29T00:55:00Z,2026-09-29T00:55:16Z,expected,,DUBAI TOWER,LIBERIA,PORTE- CONTENEURS,Débqt 600 Mt Tcs,Débqt Tcs,container,600.0,FELIXSTOWE,SARL ROMEU ALGERIE,2026-09-29T22:00:00Z,,false
2026-09-29T11:14:00Z,2026-09-29T11:14:45Z,berthed,RR/1,EAGLE,MONGOLIE,CARGO,"360,48Mt Bus",Bus,general,360.48,HAIPHONG,ALGERIA MARITIME SERVICES AGENCY ALMARSA (LALOUI IMAD),2026-02-24T21:00:00Z,,true
2026-09-29T11:14:00Z,2026-09-29T11:14:45Z,berthed,QW/4,RONG XIANG,MARSHALL ISLANDS,VRAQUIER,"29348,76 MT MDF BOARD",MDF BOARD,general,29348.76,MALTA,SARL I.S.M.S,2026-08-24T17:15:00Z,,false
2026-09-29T11:14:00Z,2026-09-29T11:14:45Z,berthed,QDZ/2,TAI HARMONY,HONG KONG,VRAQUIER,19712.56 MT DIVERS,DIVERS,general,19712.56,PORT SAID,SARL I.S.M.S,2026-08-31T13:10:00Z,,false
2026-09-29T11:14:00Z,2026-09-29T11:14:45Z,berthed,GC/6,BAO NING,HONG KONG,VRAQUIER,34339.46 MT DIVERS,DIVERS,general,34339.46,SUEZ CANAL,SARL I.S.M.S,2026-09-01T13:18:00Z,,false
2026-09-29T11:14:00Z,2026-09-29T11:14:45Z,berthed,QDZ/3,SPRING COSMOS,HONG KONG,VRAQUIER,36706.23 MT DIVERS,DIVERS,general,36706.23,ZHANGJIAGANG,SARL I.S.M.S,2026-09-09T07:40:00Z,,false
2026-09-29T11:14:00Z,2026-09-29T11:14:45Z,berthed,QDZ/1,AMOY CENTURY,HONG KONG,VRAQUIER,27735.25 Mt Divers,Divers,general,27735.25,TIANJIN,SARL I.S.M.S,2026-09-15T11:00:00Z,,false
2026-09-29T11:14:00Z,2026-09-29T11:14:45Z,berthed,QM,CATHY OCEAN,BAHAMAS,VRAQUIER,36524.53 MT DIVERS,DIVERS,general,36524.53,TIANJIN,SARL ISA SHIPPING TRADING AND LOGISTIC,2026-09-23T21:20:00Z,,false
2026-09-29T11:14:00Z,2026-09-29T11:14:45Z,berthed,QW/7,BERGE NIMBA,LIBERIA,VRAQUIER,140571 MT IRON ORE,IRON ORE,iron_ore,140571.0,SEPT-ILES,GEMA,2026-09-24T21:10:00Z,,false
2026-09-29T11:14:00Z,2026-09-29T11:14:45Z,berthed,QM/1,SAOURA,ALGÉRIE,CARGO,Emb 4500 mt Rond à béton,Emb Rond à béton,other,4500.0,ALGER,NASHCO SKIKDA- ANTENNE DJENDJEN,2026-09-25T07:00:00Z,,false
2026-09-29T11:14:00Z,2026-09-29T11:14:45Z,berthed,GC/4,GOLDEN BAY,TOGO,CARGO,EMBT 9500 MT GRIGNON D'OLIVE,EMBT GRIGNON D'OLIVE,other,9500.0,SFAX,SARL VICTORIMAR,2026-09-25T20:05:00Z,,false
2026-09-29T11:14:00Z,2026-09-29T11:14:45Z,berthed,QW/6,TAI HARVEST,HONG KONG,VRAQUIER,35751.05 MT Divers,Divers,general,35751.05,LIANYUNGANG,SARL I.S.M.S,2026-09-26T10:15:00Z,,false
2026-09-29T11:14:00Z,2026-09-29T11:14:45Z,berthed,QM/2,SABAHAT SONAY,PANAMA,CARGO,EMBT 11600 MT STEEL BILLETS,EMBT STEEL BILLETS,other,11600.0,BIZERTE,SIKARYASE SHIPPING ET SERVICES (ZEGHNOUN MOHAMMED),2026-09-28T01:20:00Z,,false
2026-09-29T11:14:00Z,2026-09-29T11:14:45Z,berthed,GC/1,FALCON KIZUNA,SINGAPOURE,VRAQUIER,1846 Mt Steel Pipes,Steel Pipes,other,1846.0,WAKAYAMA,SOGEMCO,2026-09-28T20:18:00Z,,false
2026-09-29T11:14:00Z,2026-09-29T11:14:45Z,berthed,QW/1,NOVI,ST VINCENT GRENADINES,VRAQUIER,31370.16 MT Blé tendre en vrac,Blé tendre en vrac,grain,31370.16,CONSTANZA,GEMA,2026-09-28T22:30:00Z,,false
2026-09-29T11:14:00Z,2026-09-29T11:14:45Z,anchorage,,BAO SHENG,HONG KONG,VRAQUIER,46698.06 mt divers,divers,general,46698.06,CNLNG,SARL I.S.M.S,2026-09-27T22:30:00Z,Waiting for berth,false
2026-09-29T11:14:00Z,2026-09-29T11:14:45Z,anchorage,,XIN HAI TONG 16,MARSHALL ISLANDS,VRAQUIER,21132.28 Mt Divers,Divers,general,21132.28,CNLNG,SARL ISA SHIPPING TRADING AND LOGISTIC,2026-09-29T05:12:00Z,Waiting for berth,false
2026-09-29T11:14:00Z,2026-09-29T11:14:45Z,expected,,DUBAI TOWER,LIBERIA,PORTE- CONTENEURS,Débqt 600 Mt Tcs,Débqt Tcs,container,600.0,FELIXSTOWE,SARL ROMEU ALGERIE,2026-09-29T22:00:00Z,,false
2026-09-29T18:33:00Z,2026-09-29T18:33:29Z,berthed,RR/1,EAGLE,MONGOLIE,CARGO,"360,48Mt Bus",Bus,general,360.48,HAIPHONG,ALGERIA MARITIME SERVICES AGENCY ALMARSA (LALOUI IMAD),2026-02-24T21:00:00Z,,true
2026-09-29T18:33:00Z,2026-09-29T18:33:29Z,berthed,QW/4,RONG XIANG,MARSHALL ISLANDS,VRAQUIER,"29348,76 MT MDF BOARD",MDF BOARD,general,29348.76,MALTA,SARL I.S.M.S,2026-08-24T17:15:00Z,,false
2026-09-29T18:33:00Z,2026-09-29T18:33:29Z,berthed,QDZ/2,TAI HARMONY,HONG KONG,VRAQUIER,19712.56 MT DIVERS,DIVERS,general,19712.56,PORT SAID,SARL I.S.M.S,2026-08-31T13:10:00Z,,false
2026-09-29T18:33:00Z,2026-09-29T18:33:29Z,berthed,GC/6,BAO NING,HONG KONG,VRAQUIER,34339.46 MT DIVERS,DIVERS,general,34339.46,SUEZ CANAL,SARL I.S.M.S,2026-09-01T13:18:00Z,,false
2026-09-29T18:33:00Z,2026-09-29T18:33:29Z,berthed,QM,SPRING COSMOS,HONG KONG,VRAQUIER,36706.23 MT DIVERS,DIVERS,general,36706.23,ZHANGJIAGANG,SARL I.S.M.S,2026-09-09T07:40:00Z,,false
2026-09-29T18:33:00Z,2026-09-29T18:33:29Z,berthed,QDZ/1,AMOY CENTURY,HONG KONG,VRAQUIER,27735.25 Mt Divers,Divers,general,27735.25,TIANJIN,SARL I.S.M.S,2026-09-15T11:00:00Z,,false
2026-09-29T18:33:00Z,2026-09-29T18:33:29Z,berthed,QDZ/3,CATHY OCEAN,BAHAMAS,VRAQUIER,36524.53 MT DIVERS,DIVERS,general,36524.53,TIANJIN,SARL ISA SHIPPING TRADING AND LOGISTIC,2026-09-23T21:20:00Z,,false
2026-09-29T18:33:00Z,2026-09-29T18:33:29Z,berthed,QW/7,BERGE NIMBA,LIBERIA,VRAQUIER,140571 MT IRON ORE,IRON ORE,iron_ore,140571.0,SEPT-ILES,GEMA,2026-09-24T21:10:00Z,,false
2026-09-29T18:33:00Z,2026-09-29T18:33:29Z,berthed,QM/1,SAOURA,ALGÉRIE,CARGO,Emb 4500 mt Rond à béton,Emb Rond à béton,other,4500.0,ALGER,NASHCO SKIKDA- ANTENNE DJENDJEN,2026-09-25T07:00:00Z,,false
2026-09-29T18:33:00Z,2026-09-29T18:33:29Z,berthed,GC/4,GOLDEN BAY,TOGO,CARGO,EMBT 9500 MT GRIGNON D'OLIVE,EMBT GRIGNON D'OLIVE,other,9500.0,SFAX,SARL VICTORIMAR,2026-09-25T20:05:00Z,,false
2026-09-29T18:33:00Z,2026-09-29T18:33:29Z,berthed,QW/6,TAI HARVEST,HONG KONG,VRAQUIER,35751.05 MT Divers,Divers,general,35751.05,LIANYUNGANG,SARL I.S.M.S,2026-09-26T10:15:00Z,,false
2026-09-29T18:33:00Z,2026-09-29T18:33:29Z,berthed,QM/2,SABAHAT SONAY,PANAMA,CARGO,EMBT 11600 MT STEEL BILLETS,EMBT STEEL BILLETS,other,11600.0,BIZERTE,SIKARYASE SHIPPING ET SERVICES (ZEGHNOUN MOHAMMED),2026-09-28T01:20:00Z,,false
2026-09-29T18:33:00Z,2026-09-29T18:33:29Z,berthed,GC/1,FALCON KIZUNA,SINGAPOURE,VRAQUIER,1846 Mt Steel Pipes,Steel Pipes,other,1846.0,WAKAYAMA,SOGEMCO,2026-09-28T20:18:00Z,,false
2026-09-29T18:33:00Z,2026-09-29T18:33:29Z,berthed,QW/1,NOVI,ST VINCENT GRENADINES,VRAQUIER,31370.16 MT Blé tendre en vrac,Blé tendre en vrac,grain,31370.16,CONSTANZA,GEMA,2026-09-28T22:30:00Z,,false
2026-09-29T18:33:00Z,2026-09-29T18:33:29Z,anchorage,,BAO SHENG,HONG KONG,VRAQUIER,46698.06 mt divers,divers,general,46698.06,CNLNG,SARL I.S.M.S,2026-09-27T22:30:00Z,Waiting for berth,false
2026-09-29T18:33:00Z,2026-09-29T18:33:29Z,anchorage,,XIN HAI TONG 16,MARSHALL ISLANDS,VRAQUIER,21132.28 Mt Divers,Divers,general,21132.28,CNLNG,SARL ISA SHIPPING TRADING AND LOGISTIC,2026-09-29T05:12:00Z,Waiting for berth,false
2026-09-29T18:33:00Z,2026-09-29T18:33:29Z,anchorage,,SARDES,PANAMA,PORTE- CONTENEURS,EMBT 47 TCS,EMBT 47 TCS,container,,DZALG,SOGEMCO,2026-09-29T12:00:00Z,Waiting for berth,false
2026-09-29T18:33:00Z,2026-09-29T18:33:29Z,expected,,DUBAI TOWER,LIBERIA,PORTE- CONTENEURS,Débqt 600 Mt Tcs,Débqt Tcs,container,600.0,FELIXSTOWE,SARL ROMEU ALGERIE,2026-09-29T22:00:00Z,,false
2026-09-29T18:33:00Z,2026-09-29T18:33:29Z,expected,,DP WORLD SOUTHAMPTON,PORTUGAL,PORTE- CONTENEURS,3490 MT TCSD TRANSBORDEMENT,TCSD TRANSBORDEMENT,other,3490.0,NANSHA (PANYU),SOGEMCO,2026-09-30T06:00:00Z,,false
2026-09-29T18:33:00Z,2026-09-29T18:33:29Z,expected,,Marti Wind,LIBERIA,PORTE- CONTENEURS,2712.19 MT TCS,TCS,container,2712.19,MALTA,SPA CMA CGM ALGERIE,2026-09-30T16:00:00Z,,false
2026-09-30T00:16:00Z,2026-09-30T00:16:49Z,berthed,RR/1,EAGLE,MONGOLIE,CARGO,"360,48Mt Bus",Bus,general,360.48,HAIPHONG,ALGERIA MARITIME SERVICES AGENCY ALMARSA (LALOUI IMAD),2026-02-24T21:00:00Z,,true
2026-09-30T00:16:00Z,2026-09-30T00:16:49Z,berthed,QW/4,RONG XIANG,MARSHALL ISLANDS,VRAQUIER,"29348,76 MT MDF BOARD",MDF BOARD,general,29348.76,MALTA,SARL I.S.M.S,2026-08-24T17:15:00Z,,false
2026-09-30T00:16:00Z,2026-09-30T00:16:49Z,berthed,QDZ/2,TAI HARMONY,HONG KONG,VRAQUIER,19712.56 MT DIVERS,DIVERS,general,19712.56,PORT SAID,SARL I.S.M.S,2026-08-31T13:10:00Z,,false
2026-09-30T00:16:00Z,2026-09-30T00:16:49Z,berthed,GC/6,BAO NING,HONG KONG,VRAQUIER,34339.46 MT DIVERS,DIVERS,general,34339.46,SUEZ CANAL,SARL I.S.M.S,2026-09-01T13:18:00Z,,false
2026-09-30T00:16:00Z,2026-09-30T00:16:49Z,berthed,QM,SPRING COSMOS,HONG KONG,VRAQUIER,36706.23 MT DIVERS,DIVERS,general,36706.23,ZHANGJIAGANG,SARL I.S.M.S,2026-09-09T07:40:00Z,,false
2026-09-30T00:16:00Z,2026-09-30T00:16:49Z,berthed,QDZ/1,AMOY CENTURY,HONG KONG,VRAQUIER,27735.25 Mt Divers,Divers,general,27735.25,TIANJIN,SARL I.S.M.S,2026-09-15T11:00:00Z,,false
2026-09-30T00:16:00Z,2026-09-30T00:16:49Z,berthed,QDZ/3,CATHY OCEAN,BAHAMAS,VRAQUIER,36524.53 MT DIVERS,DIVERS,general,36524.53,TIANJIN,SARL ISA SHIPPING TRADING AND LOGISTIC,2026-09-23T21:20:00Z,,false
2026-09-30T00:16:00Z,2026-09-30T00:16:49Z,berthed,QW/7,BERGE NIMBA,LIBERIA,VRAQUIER,140571 MT IRON ORE,IRON ORE,iron_ore,140571.0,SEPT-ILES,GEMA,2026-09-24T21:10:00Z,,false
2026-09-30T00:16:00Z,2026-09-30T00:16:49Z,berthed,RR/2,SAOURA,ALGÉRIE,CARGO,Emb 4500 mt Rond à béton,Emb Rond à béton,other,4500.0,ALGER,NASHCO SKIKDA- ANTENNE DJENDJEN,2026-09-25T07:00:00Z,,false
2026-09-30T00:16:00Z,2026-09-30T00:16:49Z,berthed,GC/4,GOLDEN BAY,TOGO,CARGO,EMBT 9500 MT GRIGNON D'OLIVE,EMBT GRIGNON D'OLIVE,other,9500.0,SFAX,SARL VICTORIMAR,2026-09-25T20:05:00Z,,false
2026-09-30T00:16:00Z,2026-09-30T00:16:49Z,berthed,QW/6,TAI HARVEST,HONG KONG,VRAQUIER,35751.05 MT Divers,Divers,general,35751.05,LIANYUNGANG,SARL I.S.M.S,2026-09-26T10:15:00Z,,false
2026-09-30T00:16:00Z,2026-09-30T00:16:49Z,berthed,QM/2,SABAHAT SONAY,PANAMA,CARGO,EMBT 11600 MT STEEL BILLETS,EMBT STEEL BILLETS,other,11600.0,BIZERTE,SIKARYASE SHIPPING ET SERVICES (ZEGHNOUN MOHAMMED),2026-09-28T01:20:00Z,,false
2026-09-30T00:16:00Z,2026-09-30T00:16:49Z,berthed,QW/1,NOVI,ST VINCENT GRENADINES,VRAQUIER,31370.16 MT Blé tendre en vrac,Blé tendre en vrac,grain,31370.16,CONSTANZA,GEMA,2026-09-28T22:30:00Z,,false
2026-09-30T00:16:00Z,2026-09-30T00:16:49Z,berthed,QM/1,DUBAI TOWER,LIBERIA,PORTE- CONTENEURS,Débqt 600 Mt Tcs,Débqt Tcs,container,600.0,FELIXSTOWE,SARL ROMEU ALGERIE,2026-09-29T21:25:00Z,,false
2026-09-30T00:16:00Z,2026-09-30T00:16:49Z,anchorage,,BAO SHENG,HONG KONG,VRAQUIER,46698.06 mt divers,divers,general,46698.06,CNLNG,SARL I.S.M.S,2026-09-27T22:30:00Z,Waiting for berth,false
2026-09-30T00:16:00Z,2026-09-30T00:16:49Z,anchorage,,XIN HAI TONG 16,MARSHALL ISLANDS,VRAQUIER,21132.28 Mt Divers,Divers,general,21132.28,CNLNG,SARL ISA SHIPPING TRADING AND LOGISTIC,2026-09-29T05:12:00Z,Waiting for berth,false
2026-09-30T00:16:00Z,2026-09-30T00:16:49Z,anchorage,,SARDES,PANAMA,PORTE- CONTENEURS,EMBT 47 TCS,EMBT 47 TCS,container,,DZALG,SOGEMCO,2026-09-29T12:00:00Z,Waiting for berth,false
2026-09-30T00:16:00Z,2026-09-30T00:16:49Z,expected,,DP WORLD SOUTHAMPTON,PORTUGAL,PORTE- CONTENEURS,3490 MT TCSD TRANSBORDEMENT,TCSD TRANSBORDEMENT,other,3490.0,NANSHA (PANYU),SOGEMCO,2026-09-30T06:00:00Z,,false
2026-09-30T00:16:00Z,2026-09-30T00:16:49Z,expected,,Marti Wind,LIBERIA,PORTE- CONTENEURS,2712.19 MT TCS,TCS,container,2712.19,MALTA,SPA CMA CGM ALGERIE,2026-09-30T16:00:00Z,,false
2026-09-30T11:03:00Z,2026-09-30T11:03:09Z,berthed,RR/1,EAGLE,MONGOLIE,CARGO,"360,48Mt Bus",Bus,general,360.48,HAIPHONG,ALGERIA MARITIME SERVICES AGENCY ALMARSA (LALOUI IMAD),2026-02-24T21:00:00Z,,true
2026-09-30T11:03:00Z,2026-09-30T11:03:09Z,berthed,QW/4,RONG XIANG,MARSHALL ISLANDS,VRAQUIER,"29348,76 MT MDF BOARD",MDF BOARD,general,29348.76,MALTA,SARL I.S.M.S,2026-08-24T17:15:00Z,,false
2026-09-30T11:03:00Z,2026-09-30T11:03:09Z,berthed,QDZ/2,TAI HARMONY,HONG KONG,VRAQUIER,19712.56 MT DIVERS,DIVERS,general,19712.56,PORT SAID,SARL I.S.M.S,2026-08-31T13:10:00Z,,false
2026-09-30T11:03:00Z,2026-09-30T11:03:09Z,berthed,GC/6,BAO NING,HONG KONG,VRAQUIER,34339.46 MT DIVERS,DIVERS,general,34339.46,SUEZ CANAL,SARL I.S.M.S,2026-09-01T13:18:00Z,,false
2026-09-30T11:03:00Z,2026-09-30T11:03:09Z,berthed,QM,SPRING COSMOS,HONG KONG,VRAQUIER,36706.23 MT DIVERS,DIVERS,general,36706.23,ZHANGJIAGANG,SARL I.S.M.S,2026-09-09T07:40:00Z,,false
2026-09-30T11:03:00Z,2026-09-30T11:03:09Z,berthed,QDZ/1,AMOY CENTURY,HONG KONG,VRAQUIER,27735.25 Mt Divers,Divers,general,27735.25,TIANJIN,SARL I.S.M.S,2026-09-15T11:00:00Z,,false
2026-09-30T11:03:00Z,2026-09-30T11:03:09Z,berthed,QDZ/3,CATHY OCEAN,BAHAMAS,VRAQUIER,36524.53 MT DIVERS,DIVERS,general,36524.53,TIANJIN,SARL ISA SHIPPING TRADING AND LOGISTIC,2026-09-23T21:20:00Z,,false
2026-09-30T11:03:00Z,2026-09-30T11:03:09Z,berthed,QW/7,BERGE NIMBA,LIBERIA,VRAQUIER,140571 MT IRON ORE,IRON ORE,iron_ore,140571.0,SEPT-ILES,GEMA,2026-09-24T21:10:00Z,,false
2026-09-30T11:03:00Z,2026-09-30T11:03:09Z,berthed,RR/2,SAOURA,ALGÉRIE,CARGO,Emb 4500 mt Rond à béton,Emb Rond à béton,other,4500.0,ALGER,NASHCO SKIKDA- ANTENNE DJENDJEN,2026-09-25T07:00:00Z,,false
2026-09-30T11:03:00Z,2026-09-30T11:03:09Z,berthed,GC/4,GOLDEN BAY,TOGO,CARGO,EMBT 9500 MT GRIGNON D'OLIVE,EMBT GRIGNON D'OLIVE,other,9500.0,SFAX,SARL VICTORIMAR,2026-09-25T20:05:00Z,,false
2026-09-30T11:03:00Z,2026-09-30T11:03:09Z,berthed,QW/6,TAI HARVEST,HONG KONG,VRAQUIER,35751.05 MT Divers,Divers,general,35751.05,LIANYUNGANG,SARL I.S.M.S,2026-09-26T10:15:00Z,,false
2026-09-30T11:03:00Z,2026-09-30T11:03:09Z,berthed,QM/2,SABAHAT SONAY,PANAMA,CARGO,EMBT 11600 MT STEEL BILLETS,EMBT STEEL BILLETS,other,11600.0,BIZERTE,SIKARYASE SHIPPING ET SERVICES (ZEGHNOUN MOHAMMED),2026-09-28T01:20:00Z,,false
2026-09-30T11:03:00Z,2026-09-30T11:03:09Z,berthed,QW/1,NOVI,ST VINCENT GRENADINES,VRAQUIER,31370.16 MT Blé tendre en vrac,Blé tendre en vrac,grain,31370.16,CONSTANZA,GEMA,2026-09-28T22:30:00Z,,false
2026-09-30T11:03:00Z,2026-09-30T11:03:09Z,berthed,GC/3,SARDES,PANAMA,PORTE- CONTENEURS,EMBT 47 TCS,EMBT 47 TCS,container,,ALGER,SOGEMCO,2026-09-30T00:36:00Z,,false
2026-09-30T11:03:00Z,2026-09-30T11:03:09Z,berthed,GC/1,DP WORLD SOUTHAMPTON,PORTUGAL,PORTE- CONTENEURS,"2639,408 MT TCS TRANSBORDEMENT",TCS TRANSBORDEMENT,container,2639.408,NANSHA (PANYU),SOGEMCO,2026-09-30T05:36:00Z,,false
2026-09-30T11:03:00Z,2026-09-30T11:03:09Z,anchorage,,BAO SHENG,HONG KONG,VRAQUIER,46698.06 mt divers,divers,general,46698.06,CNLNG,SARL I.S.M.S,2026-09-27T22:30:00Z,Waiting for berth,false
2026-09-30T11:03:00Z,2026-09-30T11:03:09Z,anchorage,,XIN HAI TONG 16,MARSHALL ISLANDS,VRAQUIER,21132.28 Mt Divers,Divers,general,21132.28,CNLNG,SARL ISA SHIPPING TRADING AND LOGISTIC,2026-09-29T05:12:00Z,Waiting for berth,false
2026-09-30T11:03:00Z,2026-09-30T11:03:09Z,expected,,Marti Wind,LIBERIA,PORTE- CONTENEURS,2712.19 MT TCS,TCS,container,2712.19,MALTA,SPA CMA CGM ALGERIE,2026-09-30T16:00:00Z,,false
2026-09-30T18:21:00Z,2026-09-30T18:21:29Z,berthed,RR/1,EAGLE,MONGOLIE,CARGO,"360,48Mt Bus",Bus,general,360.48,HAIPHONG,ALGERIA MARITIME SERVICES AGENCY ALMARSA (LALOUI IMAD),2026-02-24T21:00:00Z,,true
2026-09-30T18:21:00Z,2026-09-30T18:21:29Z,berthed,QW/4,RONG XIANG,MARSHALL ISLANDS,VRAQUIER,"29348,76 MT MDF BOARD",MDF BOARD,general,29348.76,MALTA,SARL I.S.M.S,2026-08-24T17:15:00Z,,false
2026-09-30T18:21:00Z,2026-09-30T18:21:29Z,berthed,QDZ/2,TAI HARMONY,HONG KONG,VRAQUIER,19712.56 MT DIVERS,DIVERS,general,19712.56,PORT SAID,SARL I.S.M.S,2026-08-31T13:10:00Z,,false
2026-09-30T18:21:00Z,2026-09-30T18:21:29Z,berthed,GC/6,BAO NING,HONG KONG,VRAQUIER,34339.46 MT DIVERS,DIVERS,general,34339.46,SUEZ CANAL,SARL I.S.M.S,2026-09-01T13:18:00Z,,false
2026-09-30T18:21:00Z,2026-09-30T18:21:29Z,berthed,QM,SPRING COSMOS,HONG KONG,VRAQUIER,36706.23 MT DIVERS,DIVERS,general,36706.23,ZHANGJIAGANG,SARL I.S.M.S,2026-09-09T07:40:00Z,,false
2026-09-30T18:21:00Z,2026-09-30T18:21:29Z,berthed,QDZ/1,AMOY CENTURY,HONG KONG,VRAQUIER,27735.25 Mt Divers,Divers,general,27735.25,TIANJIN,SARL I.S.M.S,2026-09-15T11:00:00Z,,false
2026-09-30T18:21:00Z,2026-09-30T18:21:29Z,berthed,QDZ/3,CATHY OCEAN,BAHAMAS,VRAQUIER,36524.53 MT DIVERS,DIVERS,general,36524.53,TIANJIN,SARL ISA SHIPPING TRADING AND LOGISTIC,2026-09-23T21:20:00Z,,false
2026-09-30T18:21:00Z,2026-09-30T18:21:29Z,berthed,QW/7,BERGE NIMBA,LIBERIA,VRAQUIER,140571 MT IRON ORE,IRON ORE,iron_ore,140571.0,SEPT-ILES,GEMA,2026-09-24T21:10:00Z,,false
2026-09-30T18:21:00Z,2026-09-30T18:21:29Z,berthed,GC/4,GOLDEN BAY,TOGO,CARGO,EMBT 9500 MT GRIGNON D'OLIVE,EMBT GRIGNON D'OLIVE,other,9500.0,SFAX,SARL VICTORIMAR,2026-09-25T20:05:00Z,,false
2026-09-30T18:21:00Z,2026-09-30T18:21:29Z,berthed,QW/6,TAI HARVEST,HONG KONG,VRAQUIER,35751.05 MT Divers,Divers,general,35751.05,LIANYUNGANG,SARL I.S.M.S,2026-09-26T10:15:00Z,,false
2026-09-30T18:21:00Z,2026-09-30T18:21:29Z,berthed,QM/2,SABAHAT SONAY,PANAMA,CARGO,EMBT 11600 MT STEEL BILLETS,EMBT STEEL BILLETS,other,11600.0,BIZERTE,SIKARYASE SHIPPING ET SERVICES (ZEGHNOUN MOHAMMED),2026-09-28T01:20:00Z,,false
2026-09-30T18:21:00Z,2026-09-30T18:21:29Z,berthed,QW/1,NOVI,ST VINCENT GRENADINES,VRAQUIER,31370.16 MT Blé tendre en vrac,Blé tendre en vrac,grain,31370.16,CONSTANZA,GEMA,2026-09-28T22:30:00Z,,false
2026-09-30T18:21:00Z,2026-09-30T18:21:29Z,berthed,GC/3,SARDES,PANAMA,PORTE- CONTENEURS,EMBT 47 TCS,EMBT 47 TCS,container,,ALGER,SOGEMCO,2026-09-30T00:36:00Z,,false
2026-09-30T18:21:00Z,2026-09-30T18:21:29Z,berthed,GC/1,DP WORLD SOUTHAMPTON,PORTUGAL,PORTE- CONTENEURS,"2639,408 MT TCS TRANSBORDEMENT",TCS TRANSBORDEMENT,container,2639.408,NANSHA (PANYU),SOGEMCO,2026-09-30T05:36:00Z,,false
2026-09-30T18:21:00Z,2026-09-30T18:21:29Z,berthed,QM/1,MARTI WIND,LIBERIA,PORTE- CONTENEURS,2712.19 MT TCS,TCS,container,2712.19,MALTA,SPA CMA CGM ALGERIE,2026-09-30T17:09:00Z,,false
2026-09-30T18:21:00Z,2026-09-30T18:21:29Z,anchorage,,BAO SHENG,HONG KONG,VRAQUIER,46698.06 mt divers,divers,general,46698.06,CNLNG,SARL I.S.M.S,2026-09-27T22:30:00Z,Waiting for berth,false
2026-09-30T18:21:00Z,2026-09-30T18:21:29Z,anchorage,,XIN HAI TONG 16,MARSHALL ISLANDS,VRAQUIER,21132.28 Mt Divers,Divers,general,21132.28,CNLNG,SARL ISA SHIPPING TRADING AND LOGISTIC,2026-09-29T05:12:00Z,Waiting for berth,false
2026-10-01T00:27:00Z,2026-10-01T00:27:55Z,berthed,RR/1,EAGLE,MONGOLIE,CARGO,"360,48Mt Bus",Bus,general,360.48,HAIPHONG,ALGERIA MARITIME SERVICES AGENCY ALMARSA (LALOUI IMAD),2026-02-24T21:00:00Z,,true
2026-10-01T00:27:00Z,2026-10-01T00:27:55Z,berthed,QW/4,RONG XIANG,MARSHALL ISLANDS,VRAQUIER,"29348,76 MT MDF BOARD",MDF BOARD,general,29348.76,MALTA,SARL I.S.M.S,2026-08-24T17:15:00Z,,false
2026-10-01T00:27:00Z,2026-10-01T00:27:55Z,berthed,QDZ/2,TAI HARMONY,HONG KONG,VRAQUIER,19712.56 MT DIVERS,DIVERS,general,19712.56,PORT SAID,SARL I.S.M.S,2026-08-31T13:10:00Z,,false
2026-10-01T00:27:00Z,2026-10-01T00:27:55Z,berthed,GC/6,BAO NING,HONG KONG,VRAQUIER,34339.46 MT DIVERS,DIVERS,general,34339.46,SUEZ CANAL,SARL I.S.M.S,2026-09-01T13:18:00Z,,false
2026-10-01T00:27:00Z,2026-10-01T00:27:55Z,berthed,QM,SPRING COSMOS,HONG KONG,VRAQUIER,36706.23 MT DIVERS,DIVERS,general,36706.23,ZHANGJIAGANG,SARL I.S.M.S,2026-09-09T07:40:00Z,,false
2026-10-01T00:27:00Z,2026-10-01T00:27:55Z,berthed,QDZ/1,AMOY CENTURY,HONG KONG,VRAQUIER,27735.25 Mt Divers,Divers,general,27735.25,TIANJIN,SARL I.S.M.S,2026-09-15T11:00:00Z,,false
2026-10-01T00:27:00Z,2026-10-01T00:27:55Z,berthed,QDZ/3,CATHY OCEAN,BAHAMAS,VRAQUIER,36524.53 MT DIVERS,DIVERS,general,36524.53,TIANJIN,SARL ISA SHIPPING TRADING AND LOGISTIC,2026-09-23T21:20:00Z,,false
2026-10-01T00:27:00Z,2026-10-01T00:27:55Z,berthed,GC/4,GOLDEN BAY,TOGO,CARGO,EMBT 9500 MT GRIGNON D'OLIVE,EMBT GRIGNON D'OLIVE,other,9500.0,SFAX,SARL VICTORIMAR,2026-09-25T20:05:00Z,,false
2026-10-01T00:27:00Z,2026-10-01T00:27:55Z,berthed,QW/6,TAI HARVEST,HONG KONG,VRAQUIER,35751.05 MT Divers,Divers,general,35751.05,LIANYUNGANG,SARL I.S.M.S,2026-09-26T10:15:00Z,,false
2026-10-01T00:27:00Z,2026-10-01T00:27:55Z,berthed,QM/2,SABAHAT SONAY,PANAMA,CARGO,EMBT 11600 MT STEEL BILLETS,EMBT STEEL BILLETS,other,11600.0,BIZERTE,SIKARYASE SHIPPING ET SERVICES (ZEGHNOUN MOHAMMED),2026-09-28T01:20:00Z,,false
2026-10-01T00:27:00Z,2026-10-01T00:27:55Z,berthed,QW/1,NOVI,ST VINCENT GRENADINES,VRAQUIER,31370.16 MT Blé tendre en vrac,Blé tendre en vrac,grain,31370.16,CONSTANZA,GEMA,2026-09-28T22:30:00Z,,false
2026-10-01T00:27:00Z,2026-10-01T00:27:55Z,berthed,GC/3,SARDES,PANAMA,PORTE- CONTENEURS,EMBT 47 TCS,EMBT 47 TCS,container,,ALGER,SOGEMCO,2026-09-30T00:36:00Z,,false
2026-10-01T00:27:00Z,2026-10-01T00:27:55Z,berthed,GC/1,DP WORLD SOUTHAMPTON,PORTUGAL,PORTE- CONTENEURS,"2639,408 MT TCS TRANSBORDEMENT",TCS TRANSBORDEMENT,container,2639.408,NANSHA (PANYU),SOGEMCO,2026-09-30T05:36:00Z,,false
2026-10-01T00:27:00Z,2026-10-01T00:27:55Z,berthed,QM/1,MARTI WIND,LIBERIA,PORTE- CONTENEURS,2712.19 MT TCS,TCS,container,2712.19,MALTA,SPA CMA CGM ALGERIE,2026-09-30T17:09:00Z,,false
2026-10-01T00:27:00Z,2026-10-01T00:27:55Z,anchorage,,BAO SHENG,HONG KONG,VRAQUIER,46698.06 mt divers,divers,general,46698.06,CNLNG,SARL I.S.M.S,2026-09-27T22:30:00Z,Waiting for berth,false
2026-10-01T00:27:00Z,2026-10-01T00:27:55Z,anchorage,,XIN HAI TONG 16,MARSHALL ISLANDS,VRAQUIER,21132.28 Mt Divers,Divers,general,21132.28,CNLNG,SARL ISA SHIPPING TRADING AND LOGISTIC,2026-09-29T05:12:00Z,Waiting for berth,false
2026-10-01T11:29:00Z,2026-10-01T11:29:46Z,berthed,RR/1,EAGLE,MONGOLIE,CARGO,"360,48Mt Bus",Bus,general,360.48,HAIPHONG,ALGERIA MARITIME SERVICES AGENCY ALMARSA (LALOUI IMAD),2026-02-24T21:00:00Z,,true
2026-10-01T11:29:00Z,2026-10-01T11:29:46Z,berthed,QW/4,RONG XIANG,MARSHALL ISLANDS,VRAQUIER,"29348,76 MT MDF BOARD",MDF BOARD,general,29348.76,MALTA,SARL I.S.M.S,2026-08-24T17:15:00Z,,false
2026-10-01T11:29:00Z,2026-10-01T11:29:46Z,berthed,GC/6,BAO NING,HONG KONG,VRAQUIER,34339.46 MT DIVERS,DIVERS,general,34339.46,SUEZ CANAL,SARL I.S.M.S,2026-09-01T13:18:00Z,,false
2026-10-01T11:29:00Z,2026-10-01T11:29:46Z,berthed,QM,SPRING COSMOS,HONG KONG,VRAQUIER,36706.23 MT DIVERS,DIVERS,general,36706.23,ZHANGJIAGANG,SARL I.S.M.S,2026-09-09T07:40:00Z,,false
2026-10-01T11:29:00Z,2026-10-01T11:29:46Z,berthed,QDZ/1,AMOY CENTURY,HONG KONG,VRAQUIER,27735.25 Mt Divers,Divers,general,27735.25,TIANJIN,SARL I.S.M.S,2026-09-15T11:00:00Z,,false
2026-10-01T11:29:00Z,2026-10-01T11:29:46Z,berthed,QDZ/3,CATHY OCEAN,BAHAMAS,VRAQUIER,36524.53 MT DIVERS,DIVERS,general,36524.53,TIANJIN,SARL ISA SHIPPING TRADING AND LOGISTIC,2026-09-23T21:20:00Z,,false
2026-10-01T11:29:00Z,2026-10-01T11:29:46Z,berthed,GC/4,GOLDEN BAY,TOGO,CARGO,EMBT 9500 MT GRIGNON D'OLIVE,EMBT GRIGNON D'OLIVE,other,9500.0,SFAX,SARL VICTORIMAR,2026-09-25T20:05:00Z,,false
2026-10-01T11:29:00Z,2026-10-01T11:29:46Z,berthed,QW/6,TAI HARVEST,HONG KONG,VRAQUIER,35751.05 MT Divers,Divers,general,35751.05,LIANYUNGANG,SARL I.S.M.S,2026-09-26T10:15:00Z,,false
2026-10-01T11:29:00Z,2026-10-01T11:29:46Z,berthed,QM/2,SABAHAT SONAY,PANAMA,CARGO,EMBT 11600 MT STEEL BILLETS,EMBT STEEL BILLETS,other,11600.0,BIZERTE,SIKARYASE SHIPPING ET SERVICES (ZEGHNOUN MOHAMMED),2026-09-28T01:20:00Z,,false
2026-10-01T11:29:00Z,2026-10-01T11:29:46Z,berthed,QW/1,NOVI,ST VINCENT GRENADINES,VRAQUIER,31370.16 MT Blé tendre en vrac,Blé tendre en vrac,grain,31370.16,CONSTANZA,GEMA,2026-09-28T22:30:00Z,,false
2026-10-01T11:29:00Z,2026-10-01T11:29:46Z,berthed,QM/1,MARTI WIND,LIBERIA,PORTE- CONTENEURS,2712.19 MT TCS,TCS,container,2712.19,MALTA,SPA CMA CGM ALGERIE,2026-09-30T17:09:00Z,,false
2026-10-01T11:29:00Z,2026-10-01T11:29:46Z,berthed,GC/3,XIN HAI TONG 16,MARSHALL ISLANDS,VRAQUIER,21132.28 Mt Divers,Divers,general,21132.28,LIANYUNGANG,SARL ISA SHIPPING TRADING AND LOGISTIC,2026-10-01T04:50:00Z,,false
2026-10-01T11:29:00Z,2026-10-01T11:29:46Z,berthed,QDZ/2,BAO SHENG,HONG KONG,VRAQUIER,46698.06 mt divers,divers,general,46698.06,LIANYUNGANG,SARL I.S.M.S,2026-10-01T10:30:00Z,,false
