fetched_at_utc,status,sha256,content_sha256,size_bytes,path,release_asset,error
2026-09-24T15:58:25Z,new,802471bffbb82be604daee691f0dfcdbbffdb1c8261a2846025c5ed9f2545cb8,faf0b7a25c7644abf4de2cfcf405174abff83cd7534eada5ef56c1b61869b1f3,590069,2026/09/24/port_status_20260924T155825Z.pdf,raw-2026-09/port_status_20260924T155825Z.pdf,
2026-09-24T23:03:29Z,new,70339c23e5c6200cef726bfbca56d8fc3ca33fe0efb3994568086b2158ff3d4f,62bd56bb0e20f35e97199895bc5e9e524c9f5e492db121eba5908fe0bfa2339e,590412,2026/09/24/port_status_20260924T230329Z.pdf,raw-2026-09/port_status_20260924T230329Z.pdf,
2026-09-25T10:06:43Z,new,3756d5995ac7685879bca253720958b898c2499715aeb40ddae7d2797e2700d8,db0e89f6872039c2ee0ff57073fe433f621399c4818df15290661d269e53f0e6,590512,2026/09/25/port_status_20260925T100643Z.pdf,raw-2026-09/port_status_20260925T100643Z.pdf,
2026-09-25T17:53:03Z,new,a74677a88a149d21870374f1482f579011c47254b689602960366c4497e5510d,747c7f31ad7da79b5682eeb6df8bdf9b2e0113722f181a97a34d4878a7427aa5,590856,2026/09/25/port_status_20260925T175303Z.pdf,raw-2026-09/port_status_20260925T175303Z.pdf,
2026-09-25T23:55:27Z,new,a8523028483694b371128c42e04de2ceb7aad065b962f540ae7ba3022ec9031f,f66fb3673cc428d9eb1076d1e6bf84dd0c96fd2d7399da4c7923edd78b6c8fef,590867,2026/09/25/port_status_20260925T235527Z.pdf,raw-2026-09/port_status_20260925T235527Z.pdf,
2026-09-26T09:47:40Z,new,80719f38bd45f0ad55c5e4453fa4a87e0196c987cbe225f924823064607b3444,4401b5ec30c36c3a9eead5d3a41b6e383667c8fccf8c8e6f8a182e2bbad4615f,590899,2026/09/26/port_status_20260926T094740Z.pdf,raw-2026-09/port_status_20260926T094740Z.pdf,
2026-09-26T17:01:26Z,new,611fd50ca4bd959e217b6ba2dd933aa33d000d1e719ff7e3a5c905ab73c253b5,5764b0fa431357a11b8f439f522a5a45ef314a1d891a9417f925cc7016003f8e,590920,2026/09/26/port_status_20260926T170126Z.pdf,raw-2026-09/port_status_20260926T170126Z.pdf,
2026-09-26T23:28:54Z,new,2637240782650e3ca7d3cf8377ebd0fd6b824e3e273f3c4758c62b7eb753bdb0,5764b0fa431357a11b8f439f522a5a45ef314a1d891a9417f925cc7016003f8e,590921,2026/09/26/port_status_20260926T232854Z.pdf,raw-2026-09/port_status_20260926T232854Z.pdf,
2026-09-27T10:28:55Z,new,9cb299b2767829533162101fe03615836ee00768b0c473c07c5aa8c60d3c3b37,9b91cf0deada93dd2ba3ebc1ad0492ccc22babb6cab3fef1158b16907abf4561,590911,2026/09/27/port_status_20260927T102855Z.pdf,raw-2026-09/port_status_20260927T102855Z.pdf,
2026-09-27T17:38:28Z,new,01215b8ba3af73ec3ed17e5f5cc38bf7ba2d66a18a8505dc71d4961546ab7c5b,00c9190ba4afc066678dcdab62b57e66d3ba88ff7e24e6c72cd993db0bfcd458,591685,2026/09/27/port_status_20260927T173828Z.pdf,raw-2026-09/port_status_20260927T173828Z.pdf,
2026-09-27T23:43:53Z,new,4fd5e4fc7001a295fbc3313913fa91edf3db789c4351cb4aa0ee0fbe94defac1,282d09ec49357ca4f862aace07eb6f5d00296a7bd6028a4f839beb0c04ac1e5c,591794,2026/09/27/port_status_20260927T234353Z.pdf,raw-2026-09/port_status_20260927T234353Z.pdf,
2026-09-28T11:36:33Z,new,dbda52d6f03a91762e6fcf38bccfde1822b4f09122f790bd4f392afa7e1251d2,7bfe37955cc9a48762fb548406cba1695c0862c1659fa2c132c0005667e84b22,591262,2026/09/28/port_status_20260928T113633Z.pdf,raw-2026-09/port_status_20260928T113633Z.pdf,
2026-09-28T20:04:50Z,new,56833333db9af1b3b18b9ab2160415fbfaa230cdfd978781615464e4ee4c5fa1,4be7a970375ba486dc17ec33f6a1c1a7668d48f3916e07ca2b8b034d1e000938,591275,2026/09/28/port_status_20260928T200450Z.pdf,raw-2026-09/port_status_20260928T200450Z.pdf,
2026-09-29T00:55:16Z,new,0542cba79ad0d44eaf43b426a1a252e94457141c4c4412a8bc4c1270bbccb52b,ac91d89d6c23f0859ebab55d617b0f553c279c90bcf1319d57d8192df16e8523,590997,2026/09/29/port_status_20260929T005516Z.pdf,raw-2026-09/port_status_20260929T005516Z.pdf,
2026-09-29T11:14:45Z,new,604d0a100daab1ec9f6770ec5e7303f2d86a6351e99e6ad8f597adf3d21d59ea,978ad3303c0a813107626777eb3e588a51346d2e13c4cae95df9856ce63b1afb,591044,2026/09/29/port_status_20260929T111445Z.pdf,raw-2026-09/port_status_20260929T111445Z.pdf,
2026-09-29T18:33:29Z,new,b6c415510a02a2498ec8303725977fd0c76ba913e2187865214a7be094d5ce7a,fe57cab813c684db2625753da9a278bc68d5184494dd86ded6ecd4cd417e5e78,591839,2026/09/29/port_status_20260929T183329Z.pdf,raw-2026-09/port_status_20260929T183329Z.pdf,
